image,pbody_number,dist_nuclei,dist_mito,nuclei_std,mito_std,medicine,group
W0021F0001T0006Z000C1N11.png,1,41.338615299991574,41.43034046755985,14.63989548936668,10.578154307683018,T3211,G4
W0021F0001T0006Z000C1N11.png,2,15.347981426652051,14.524051941139628,14.63989548936668,10.578154307683018,T3211,G4
W0021F0001T0006Z000C1N11.png,3,49.36403062102943,20.088660125943598,14.63989548936668,10.578154307683018,T3211,G4
W0021F0001T0006Z000C1N11.png,4,52.669518009820315,33.01833926728217,14.63989548936668,10.578154307683018,T3211,G4
W0021F0001T0006Z000C1N12.png,1,7.78657552138948,6.832071420466202,22.656276369922704,25.064791967883867,T3211,G4
W0021F0001T0006Z000C1N12.png,2,63.55039258154091,72.65325241739285,22.656276369922704,25.064791967883867,T3211,G4
W0021F0001T0006Z000C1N12.png,3,53.805557336549434,53.991515751815705,22.656276369922704,25.064791967883867,T3211,G4
W0021F0001T0006Z000C1N12.png,4,61.00574513075472,61.28148385298995,22.656276369922704,25.064791967883867,T3211,G4
W0021F0001T0006Z000C1N15.png,1,69.75123648988229,38.41354406824993,7.202310990594118,13.621994261414043,T3211,G4
W0021F0001T0006Z000C1N15.png,2,51.253537482124905,8.000400081823285,7.202310990594118,13.621994261414043,T3211,G4
W0021F0001T0006Z000C1N15.png,3,61.70044857400792,43.66564936884107,7.202310990594118,13.621994261414043,T3211,G4
W0021F0001T0006Z000C1N15.png,4,54.026296709382045,31.0042355052897,7.202310990594118,13.621994261414043,T3211,G4
W0021F0001T0006Z000C1N27.png,1,15.32594001494033,16.672212301450465,7.8115137011845475,21.708215986601438,T3211,G4
W0021F0001T0006Z000C1N27.png,2,12.251292265574586,10.802165060688134,7.8115137011845475,21.708215986601438,T3211,G4
W0021F0001T0006Z000C1N27.png,3,25.30914592613114,23.993618807499235,7.8115137011845475,21.708215986601438,T3211,G4
W0021F0001T0006Z000C1N27.png,4,31.544539060855648,53.62022042665936,7.8115137011845475,21.708215986601438,T3211,G4
W0021F0001T0006Z000C1N27.png,5,30.235589662184577,66.141298378589,7.8115137011845475,21.708215986601438,T3211,G4
W0021F0001T0006Z000C1N32.png,1,42.29060685618886,42.934834214667184,17.825697341137722,17.568700263295252,T3211,G4
W0021F0001T0006Z000C1N32.png,2,21.653894514146813,21.924384807332522,17.825697341137722,17.568700263295252,T3211,G4
W0021F0001T0006Z000C1N32.png,3,34.08215053949288,35.19996246269495,17.825697341137722,17.568700263295252,T3211,G4
W0021F0001T0006Z000C1N32.png,4,22.282962808556523,21.19456146465937,17.825697341137722,17.568700263295252,T3211,G4
W0021F0001T0006Z000C1N32.png,5,37.79972074230438,36.63943281891044,17.825697341137722,17.568700263295252,T3211,G4
W0021F0001T0006Z000C1N32.png,6,14.645728582499574,13.857343010511215,17.825697341137722,17.568700263295252,T3211,G4
W0021F0001T0006Z000C1N32.png,7,59.408540760246765,58.19683913588956,17.825697341137722,17.568700263295252,T3211,G4
W0021F0001T0006Z000C1N32.png,8,50.20666620868384,49.20683924848179,17.825697341137722,17.568700263295252,T3211,G4
W0021F0001T0006Z000C1N32.png,9,71.91174638884407,70.75516313678607,17.825697341137722,17.568700263295252,T3211,G4
W0021F0001T0006Z000C1N32.png,10,58.90208286300536,58.009273758814494,17.825697341137722,17.568700263295252,T3211,G4
W0021F0001T0006Z000C1N34.png,1,64.37052513245123,100.03345796626007,20.176032492315645,31.634222328725173,T3211,G4
W0021F0001T0006Z000C1N34.png,2,61.47141265543477,73.67144512584204,20.176032492315645,31.634222328725173,T3211,G4
W0021F0001T0006Z000C1N34.png,3,56.1342032713016,67.04958615973345,20.176032492315645,31.634222328725173,T3211,G4
W0021F0001T0006Z000C1N34.png,4,16.935085685911552,16.90325795824141,20.176032492315645,31.634222328725173,T3211,G4
W0021F0001T0006Z000C1N34.png,5,23.114006619634313,22.806788577595395,20.176032492315645,31.634222328725173,T3211,G4
W0021F0001T0006Z000C1N35.png,1,31.747543103740835,39.69288323969787,14.659317583685809,10.549781885765576,T3211,G4
W0021F0001T0006Z000C1N35.png,2,40.69390328012704,14.304719500919967,14.659317583685809,10.549781885765576,T3211,G4
W0021F0001T0006Z000C1N35.png,3,7.125553344289157,27.014392030335035,14.659317583685809,10.549781885765576,T3211,G4
W0021F0001T0006Z000C1N35.png,4,8.075614212588778,39.80566483024079,14.659317583685809,10.549781885765576,T3211,G4
W0021F0001T0006Z000C1N37.png,1,3.994689138357445,28.185208765434854,16.61865050061186,11.014581326973039,T3211,G4
W0021F0001T0006Z000C1N37.png,2,40.14308088495809,46.03066186239149,16.61865050061186,11.014581326973039,T3211,G4
W0021F0001T0006Z000C1N37.png,3,46.07682114497351,45.838491124134855,16.61865050061186,11.014581326973039,T3211,G4
W0021F0001T0006Z000C1N37.png,4,21.420460386773488,20.783789950891613,16.61865050061186,11.014581326973039,T3211,G4
W0021F0001T0006Z000C1N37.png,5,51.91045544480111,51.90203468208755,16.61865050061186,11.014581326973039,T3211,G4
W0021F0001T0006Z000C1N37.png,6,43.79825285507266,43.130570857823294,16.61865050061186,11.014581326973039,T3211,G4
W0021F0001T0006Z000C1N43.png,1,47.69543274618778,48.67473700023327,15.337412724984636,14.284942424594089,T3211,G4
W0021F0001T0006Z000C1N43.png,2,14.863602020446505,15.171333125932385,15.337412724984636,14.284942424594089,T3211,G4
W0021F0001T0006Z000C1N43.png,3,9.235284562903086,8.86945600260657,15.337412724984636,14.284942424594089,T3211,G4
W0021F0001T0006Z000C1N43.png,4,29.709058878959766,25.789835600540872,15.337412724984636,14.284942424594089,T3211,G4
W0021F0001T0006Z000C1N43.png,5,9.189903030698927,9.632585821428519,15.337412724984636,14.284942424594089,T3211,G4
W0021F0001T0006Z000C1N43.png,6,12.821445240562165,13.013189345756913,15.337412724984636,14.284942424594089,T3211,G4
W0021F0001T0006Z000C1N43.png,7,37.793203324051184,0.6020159954753765,15.337412724984636,14.284942424594089,T3211,G4
W0021F0001T0006Z000C1N43.png,8,30.546567711065727,12.930051751769813,15.337412724984636,14.284942424594089,T3211,G4
W0021F0001T0006Z000C1N43.png,9,22.573475092968806,21.834674164882497,15.337412724984636,14.284942424594089,T3211,G4
W0021F0001T0006Z000C1N43.png,10,44.094862525815785,10.068878623502158,15.337412724984636,14.284942424594089,T3211,G4
W0021F0001T0006Z000C1N43.png,11,23.106265212278043,22.143123822138573,15.337412724984636,14.284942424594089,T3211,G4
W0021F0001T0006Z000C1N43.png,12,36.096606012113156,35.1308812922475,15.337412724984636,14.284942424594089,T3211,G4
W0021F0001T0006Z000C1N43.png,13,61.08846456918592,47.22433713408944,15.337412724984636,14.284942424594089,T3211,G4
W0021F0001T0006Z000C1N44.png,1,44.26094028571515,44.6016875092183,17.931353069745835,16.068036569839638,T3211,G4
W0021F0001T0006Z000C1N44.png,2,37.53530211370577,37.66207578464009,17.931353069745835,16.068036569839638,T3211,G4
W0021F0001T0006Z000C1N44.png,3,24.998331355308274,33.56854906819233,17.931353069745835,16.068036569839638,T3211,G4
W0021F0001T0006Z000C1N44.png,4,10.452148336313003,13.607851083514662,17.931353069745835,16.068036569839638,T3211,G4
W0021F0001T0006Z000C1N44.png,5,62.6527953420741,62.57073407034472,17.931353069745835,16.068036569839638,T3211,G4
W0021F0001T0006Z000C1N44.png,6,57.1789977887546,56.98821966444753,17.931353069745835,16.068036569839638,T3211,G4
W0021F0001T0006Z000C1N46.png,1,29.91922555171912,30.0830680914478,8.716132394645102,8.756132546349624,T3211,G4
W0021F0001T0006Z000C1N46.png,2,34.594129645687914,34.6014258332939,8.716132394645102,8.756132546349624,T3211,G4
W0021F0001T0006Z000C1N46.png,3,50.297694516509544,50.49996404765221,8.716132394645102,8.756132546349624,T3211,G4
W0021F0001T0006Z000C1N49.png,1,45.24631659046111,49.114843834364635,8.926659581943158,11.500260648185803,T3211,G4
W0021F0001T0006Z000C1N49.png,2,21.833208873241432,22.249851100264742,8.926659581943158,11.500260648185803,T3211,G4
W0021F0001T0006Z000C1N49.png,3,40.944444809863214,47.27084938199514,8.926659581943158,11.500260648185803,T3211,G4
W0021F0001T0006Z000C1N49.png,4,32.721386800203206,29.305966309306314,8.926659581943158,11.500260648185803,T3211,G4
W0021F0001T0006Z000C1N5.png,1,38.44764754457806,38.130229490161796,8.734079170863629,15.325701458888215,T3211,G4
W0021F0001T0006Z000C1N5.png,2,57.338425682160896,11.722678199112101,8.734079170863629,15.325701458888215,T3211,G4
W0021F0001T0006Z000C1N5.png,3,50.77995198231012,14.24088921755841,8.734079170863629,15.325701458888215,T3211,G4
W0021F0001T0006Z000C1N5.png,4,49.700240505363304,52.28029441930021,8.734079170863629,15.325701458888215,T3211,G4
W0021F0001T0006Z000C1N5.png,5,33.37825994944535,35.49178564486507,8.734079170863629,15.325701458888215,T3211,G4
W0021F0001T0006Z000C1N52.png,1,53.102595550214815,55.65242513173259,0.9321857966595708,0.26966856240699855,T3211,G4
W0021F0001T0006Z000C1N52.png,2,54.96696714353396,56.19176225654659,0.9321857966595708,0.26966856240699855,T3211,G4
W0021F0001T0006Z000C1N53.png,1,30.651343830711347,30.948460609034544,14.651504175402799,21.793603510283887,T3211,G4
W0021F0001T0006Z000C1N53.png,2,65.47908218722704,81.01101950713996,14.651504175402799,21.793603510283887,T3211,G4
W0021F0001T0006Z000C1N53.png,3,40.563808711381306,39.92887278351744,14.651504175402799,21.793603510283887,T3211,G4
W0021F0001T0006Z000C1N6.png,1,46.28712656945941,46.641478649658914,13.16735913109363,12.558573082687955,T3211,G4
W0021F0001T0006Z000C1N6.png,2,13.248774828814616,14.122665761414055,13.16735913109363,12.558573082687955,T3211,G4
W0021F0001T0006Z000C1N6.png,3,34.04430443290977,34.60936884754371,13.16735913109363,12.558573082687955,T3211,G4
W0021F0001T0006Z000C1N6.png,4,55.394161550349494,55.05084501495593,13.16735913109363,12.558573082687955,T3211,G4
W0021F0001T0006Z000C1N6.png,5,22.71221944829709,25.295703008672202,13.16735913109363,12.558573082687955,T3211,G4
W0021F0001T0006Z000C1N6.png,6,48.700815221550634,47.789119360118505,13.16735913109363,12.558573082687955,T3211,G4
W0021F0001T0006Z000C1N6.png,7,44.029895850119885,43.02079425952719,13.16735913109363,12.558573082687955,T3211,G4
W0021F0001T0006Z000C1N6.png,8,36.43057213113943,35.39892221217886,13.16735913109363,12.558573082687955,T3211,G4
W0021F0001T0006Z000C1N6.png,9,23.57053246018475,23.362766515479397,13.16735913109363,12.558573082687955,T3211,G4
W0021F0001T0006Z000C1N60.png,1,64.5750843219144,73.59577318677168,6.471471221465784,12.50366224308975,T3211,G4
W0021F0001T0006Z000C1N60.png,2,51.632141878982836,48.58844870059218,6.471471221465784,12.50366224308975,T3211,G4
W0021F0001T0006Z000C1N7.png,1,36.55096772422527,34.093817360728835,7.525885342114247,7.280009806922269,T3211,G4
W0021F0001T0006Z000C1N7.png,2,40.15463234390113,37.73792816869507,7.525885342114247,7.280009806922269,T3211,G4
W0021F0001T0006Z000C1N7.png,3,40.583871978797355,41.58386505132455,7.525885342114247,7.280009806922269,T3211,G4
W0021F0001T0006Z000C1N7.png,4,30.502976062776682,31.417449061847293,7.525885342114247,7.280009806922269,T3211,G4
W0021F0001T0006Z000C1N7.png,5,23.51536710287496,22.676243758580906,7.525885342114247,7.280009806922269,T3211,G4
W0021F0001T0006Z000C1N7.png,6,21.757894718452714,21.86541647740328,7.525885342114247,7.280009806922269,T3211,G4
W0021F0001T0006Z000C1N70.png,1,47.253580430445645,48.441797185553455,17.60962895631746,17.296533330989803,T3211,G4
W0021F0001T0006Z000C1N70.png,2,58.110764191833574,59.06899552288185,17.60962895631746,17.296533330989803,T3211,G4
W0021F0001T0006Z000C1N70.png,3,46.878139266846155,48.055024174239996,17.60962895631746,17.296533330989803,T3211,G4
W0021F0001T0006Z000C1N70.png,4,42.54466453692744,43.646816295945854,17.60962895631746,17.296533330989803,T3211,G4
W0021F0001T0006Z000C1N70.png,5,33.03286015930348,34.22370562427662,17.60962895631746,17.296533330989803,T3211,G4
W0021F0001T0006Z000C1N70.png,6,24.161786663663047,25.280750228143372,17.60962895631746,17.296533330989803,T3211,G4
W0021F0001T0006Z000C1N70.png,7,4.64051053249296,5.226320153716704,17.60962895631746,17.296533330989803,T3211,G4
W0021F0001T0006Z000C1N70.png,8,23.644325205434516,23.884791787214226,17.60962895631746,17.296533330989803,T3211,G4
W0021F0001T0006Z000C1N70.png,9,35.05515290171062,35.81805870664443,17.60962895631746,17.296533330989803,T3211,G4
W0021F0001T0006Z000C1N70.png,10,41.808890875629515,41.17021448534792,17.60962895631746,17.296533330989803,T3211,G4
W0021F0001T0006Z000C1N70.png,11,46.467329058622305,45.481257698111136,17.60962895631746,17.296533330989803,T3211,G4
W0021F0001T0006Z000C1N70.png,12,37.08212636826639,35.89924105637761,17.60962895631746,17.296533330989803,T3211,G4
W0021F0001T0006Z000C1N70.png,13,74.82937605686487,73.94087581507672,17.60962895631746,17.296533330989803,T3211,G4
W0021F0001T0006Z000C1N70.png,14,35.4704486202298,34.41601924393844,17.60962895631746,17.296533330989803,T3211,G4
W0021F0001T0006Z000C1N70.png,15,73.5929219178893,72.48711177164023,17.60962895631746,17.296533330989803,T3211,G4
W0021F0001T0006Z000C1N71.png,1,59.77975598114854,59.331674483297775,18.898639684464847,16.03493488826723,T3211,G4
W0021F0001T0006Z000C1N71.png,2,51.09678674002056,51.01721383772471,18.898639684464847,16.03493488826723,T3211,G4
W0021F0001T0006Z000C1N71.png,3,61.374163942811464,61.02079776669933,18.898639684464847,16.03493488826723,T3211,G4
W0021F0001T0006Z000C1N71.png,4,61.35435943440983,61.0425958205663,18.898639684464847,16.03493488826723,T3211,G4
W0021F0001T0006Z000C1N71.png,5,55.59069837859201,67.15132980113141,18.898639684464847,16.03493488826723,T3211,G4
W0021F0001T0006Z000C1N71.png,6,19.49097943706343,19.276243609096436,18.898639684464847,16.03493488826723,T3211,G4
W0021F0001T0006Z000C1N71.png,7,15.100266683469538,30.71276609938781,18.898639684464847,16.03493488826723,T3211,G4
W0021F0001T0006Z000C1N71.png,8,24.340087279705777,38.45416774482153,18.898639684464847,16.03493488826723,T3211,G4
W0021F0001T0006Z000C1N75.png,1,36.69923797440094,22.316841625067447,12.876559673937948,14.010461267822668,T3211,G4
W0021F0001T0006Z000C1N75.png,2,42.75216913923634,12.6118299108525,12.876559673937948,14.010461267822668,T3211,G4
W0021F0001T0006Z000C1N75.png,3,70.1994132553495,7.9046509691727955,12.876559673937948,14.010461267822668,T3211,G4
W0021F0001T0006Z000C1N75.png,4,44.01775308357279,44.32558994242684,12.876559673937948,14.010461267822668,T3211,G4
W0021F0001T0006Z000C1N77.png,1,22.974175035256213,27.61363731147893,5.460549960296346,5.874290622051985,T3211,G4
W0021F0001T0006Z000C1N77.png,2,13.841362183162113,16.427151738406103,5.460549960296346,5.874290622051985,T3211,G4
W0021F0001T0006Z000C1N77.png,3,20.19346802805589,20.186338983560454,5.460549960296346,5.874290622051985,T3211,G4
W0021F0001T0006Z000C1N77.png,4,24.15067057431221,10.247169745886294,5.460549960296346,5.874290622051985,T3211,G4
W0021F0001T0006Z000C1N77.png,5,28.78872005427643,23.4450719074307,5.460549960296346,5.874290622051985,T3211,G4
W0021F0001T0006Z000C1N77.png,6,13.688971870838595,13.568305342461086,5.460549960296346,5.874290622051985,T3211,G4
W0021F0001T0006Z000C1N79.png,1,13.026663098223692,25.097042655868297,19.65405579718275,8.31479503910722,T3211,G4
W0021F0001T0006Z000C1N79.png,2,52.33477469258919,8.467452577653855,19.65405579718275,8.31479503910722,T3211,G4
W0021F0001T0006Z000C1N80.png,1,11.737450215642028,18.43713626988516,5.830629131076486,4.471701914262352,T3211,G4
W0021F0001T0006Z000C1N80.png,2,15.691429645255239,18.849124228115777,5.830629131076486,4.471701914262352,T3211,G4
W0021F0001T0006Z000C1N80.png,3,25.788291170975775,21.24432773096506,5.830629131076486,4.471701914262352,T3211,G4
W0021F0001T0006Z000C1N80.png,4,25.863927251606412,23.258278883813492,5.830629131076486,4.471701914262352,T3211,G4
W0021F0001T0006Z000C1N80.png,5,24.167547941811932,10.148623999997467,5.830629131076486,4.471701914262352,T3211,G4
W0021F0001T0006Z000C1N9.png,1,56.649905424996334,39.71895111632793,16.24811047678175,9.505741980409638,T3211,G4
W0021F0001T0006Z000C1N9.png,2,20.500381094018717,16.97554636477766,16.24811047678175,9.505741980409638,T3211,G4
W0021F0001T0006Z000C1N9.png,3,24.155925483264777,24.026456808288504,16.24811047678175,9.505741980409638,T3211,G4
W0021F0002T0006Z000C1N14.png,1,97.08854391852029,110.09246606543257,22.371585150797326,23.87185964947625,T3211,G4
W0021F0002T0006Z000C1N14.png,2,71.32431236700593,71.32080834336149,22.371585150797326,23.87185964947625,T3211,G4
W0021F0002T0006Z000C1N14.png,3,66.76360253553567,69.33476716721742,22.371585150797326,23.87185964947625,T3211,G4
W0021F0002T0006Z000C1N14.png,4,65.21508250912376,77.61362619054624,22.371585150797326,23.87185964947625,T3211,G4
W0021F0002T0006Z000C1N14.png,5,33.412802419226956,44.15626969936472,22.371585150797326,23.87185964947625,T3211,G4
W0021F0002T0006Z000C1N14.png,6,35.37327654532126,56.46632686467876,22.371585150797326,23.87185964947625,T3211,G4
W0021F0002T0006Z000C1N14.png,7,22.828724072390884,22.69082402573626,22.371585150797326,23.87185964947625,T3211,G4
W0021F0002T0006Z000C1N14.png,8,36.20189455275429,39.385222830806505,22.371585150797326,23.87185964947625,T3211,G4
W0021F0002T0006Z000C1N14.png,9,54.840995354775956,55.68701997831101,22.371585150797326,23.87185964947625,T3211,G4
W0021F0002T0006Z000C1N17.png,1,7.342574891500407,7.536652691414744,17.835717771613155,17.547835105680686,T3211,G4
W0021F0002T0006Z000C1N17.png,2,47.15477996680371,46.487361667990335,17.835717771613155,17.547835105680686,T3211,G4
W0021F0002T0006Z000C1N17.png,3,42.82908092875255,42.75370431499589,17.835717771613155,17.547835105680686,T3211,G4
W0021F0002T0006Z000C1N20.png,1,84.33688512141522,45.290874868675466,4.675688741453598,13.549468612327999,T3211,G4
W0021F0002T0006Z000C1N20.png,2,74.98550763850803,18.191937644019468,4.675688741453598,13.549468612327999,T3211,G4
W0021F0002T0006Z000C1N22.png,1,30.09802559207313,29.81559200932005,20.809802628233584,20.926410014051203,T3211,G4
W0021F0002T0006Z000C1N22.png,2,31.266009903236963,31.11384815162618,20.809802628233584,20.926410014051203,T3211,G4
W0021F0002T0006Z000C1N22.png,3,74.81468528434293,74.84209900920824,20.809802628233584,20.926410014051203,T3211,G4
W0021F0002T0006Z000C1N29.png,1,34.399238016706335,36.34218518537875,11.864923845672742,11.346279306778593,T3211,G4
W0021F0002T0006Z000C1N29.png,2,66.79426186124901,67.39596287384929,11.864923845672742,11.346279306778593,T3211,G4
W0021F0002T0006Z000C1N29.png,3,45.58157381651531,47.4025314840684,11.864923845672742,11.346279306778593,T3211,G4
W0021F0002T0006Z000C1N29.png,4,54.293934094162,55.47710929072772,11.864923845672742,11.346279306778593,T3211,G4
W0021F0002T0006Z000C1N32.png,1,54.46561694643035,48.703347513572176,17.526628198296205,15.447192881181799,T3211,G4
W0021F0002T0006Z000C1N32.png,2,5.773799675137202,5.5685697060848725,17.526628198296205,15.447192881181799,T3211,G4
W0021F0002T0006Z000C1N32.png,3,29.393779983696597,28.61962712066635,17.526628198296205,15.447192881181799,T3211,G4
W0021F0002T0006Z000C1N32.png,4,22.31176147393216,22.13008709374048,17.526628198296205,15.447192881181799,T3211,G4
W0021F0002T0006Z000C1N33.png,1,65.97433318345742,39.54211111239168,17.525071542838692,11.7722590296795,T3211,G4
W0021F0002T0006Z000C1N33.png,2,48.56878963070809,41.9387093280736,17.525071542838692,11.7722590296795,T3211,G4
W0021F0002T0006Z000C1N33.png,3,14.463294424920122,16.027106990344063,17.525071542838692,11.7722590296795,T3211,G4
W0021F0002T0006Z000C1N33.png,4,14.35849771482934,25.351111095817284,17.525071542838692,11.7722590296795,T3211,G4
W0021F0002T0006Z000C1N33.png,5,15.207571254589194,15.282209148455795,17.525071542838692,11.7722590296795,T3211,G4
W0021F0002T0006Z000C1N33.png,6,20.799723718085545,27.78116798583733,17.525071542838692,11.7722590296795,T3211,G4
W0021F0002T0006Z000C1N33.png,7,13.645999052948019,10.04002041825512,17.525071542838692,11.7722590296795,T3211,G4
W0021F0002T0006Z000C1N33.png,8,21.885816756275442,10.166161736095114,17.525071542838692,11.7722590296795,T3211,G4
W0021F0002T0006Z000C1N33.png,9,17.309614909811877,10.437625174069838,17.525071542838692,11.7722590296795,T3211,G4
W0021F0002T0006Z000C1N35.png,1,59.93891012372709,59.683853011460975,11.735162296489811,11.4679484113033,T3211,G4
W0021F0002T0006Z000C1N35.png,2,36.46858553074747,36.747956188854374,11.735162296489811,11.4679484113033,T3211,G4
W0021F0002T0006Z000C1N36.png,1,62.0884172144286,61.39230055180268,1.5100876101768483,1.8090127715635471,T3211,G4
W0021F0002T0006Z000C1N36.png,2,61.113286441284686,62.07379085806034,1.5100876101768483,1.8090127715635471,T3211,G4
W0021F0002T0006Z000C1N36.png,3,64.69091341919979,65.52488571426969,1.5100876101768483,1.8090127715635471,T3211,G4
W0021F0002T0006Z000C1N42.png,1,38.30599826319938,37.89250462808027,10.518618252006982,9.352719336378094,T3211,G4
W0021F0002T0006Z000C1N42.png,2,13.371223125803773,13.56343776804609,10.518618252006982,9.352719336378094,T3211,G4
W0021F0002T0006Z000C1N42.png,3,22.937843867914044,23.34344227225804,10.518618252006982,9.352719336378094,T3211,G4
W0021F0002T0006Z000C1N42.png,4,38.08347851938298,25.026800686465286,10.518618252006982,9.352719336378094,T3211,G4
W0021F0002T0006Z000C1N42.png,5,30.41229958488362,30.407941931959602,10.518618252006982,9.352719336378094,T3211,G4
W0021F0002T0006Z000C1N42.png,6,16.731674046063727,16.078132409269195,10.518618252006982,9.352719336378094,T3211,G4
W0021F0002T0006Z000C1N42.png,7,17.70350277653935,17.98519034632906,10.518618252006982,9.352719336378094,T3211,G4
W0021F0002T0006Z000C1N42.png,8,45.3679742375583,42.66716529640647,10.518618252006982,9.352719336378094,T3211,G4
W0021F0002T0006Z000C1N42.png,9,30.853726220140413,20.741422400245277,10.518618252006982,9.352719336378094,T3211,G4
W0021F0002T0006Z000C1N47.png,1,52.38601105364901,53.54462873657844,21.446327755336483,20.45835643292831,T3211,G4
W0021F0002T0006Z000C1N47.png,2,22.58472581742562,23.829427661685934,21.446327755336483,20.45835643292831,T3211,G4
W0021F0002T0006Z000C1N47.png,3,24.206990623820392,24.229153038300225,21.446327755336483,20.45835643292831,T3211,G4
W0021F0002T0006Z000C1N47.png,4,74.34165281258907,72.04848849127615,21.446327755336483,20.45835643292831,T3211,G4
W0021F0002T0006Z000C1N50.png,1,23.51834357710274,24.712181312089808,28.3406905038083,30.957946188390025,T3211,G4
W0021F0002T0006Z000C1N50.png,2,86.19547661550409,87.27392864695256,28.3406905038083,30.957946188390025,T3211,G4
W0021F0002T0006Z000C1N50.png,3,34.95902186635903,0.8390292591120485,28.3406905038083,30.957946188390025,T3211,G4
W0021F0002T0006Z000C1N50.png,4,94.66882485143049,95.67202961879732,28.3406905038083,30.957946188390025,T3211,G4
W0021F0002T0006Z000C1N50.png,5,49.01481067898967,49.34745935863724,28.3406905038083,30.957946188390025,T3211,G4
W0021F0002T0006Z000C1N50.png,6,46.05569496070075,46.39570724813515,28.3406905038083,30.957946188390025,T3211,G4
W0021F0002T0006Z000C1N50.png,7,68.36617171584872,68.64444230270398,28.3406905038083,30.957946188390025,T3211,G4
W0021F0002T0006Z000C1N50.png,8,93.79047008121806,93.98470693584383,28.3406905038083,30.957946188390025,T3211,G4
W0021F0002T0006Z000C1N50.png,9,92.78765959628033,92.90807851547146,28.3406905038083,30.957946188390025,T3211,G4
W0021F0002T0006Z000C1N50.png,10,2.6946190584773655,2.5948149981094852,28.3406905038083,30.957946188390025,T3211,G4
W0021F0002T0006Z000C1N50.png,11,31.5921594884531,31.43646282600855,28.3406905038083,30.957946188390025,T3211,G4
W0021F0002T0006Z000C1N50.png,12,53.40859093960846,53.34051558280109,28.3406905038083,30.957946188390025,T3211,G4
W0021F0002T0006Z000C1N50.png,13,73.24542148050573,73.25865929518586,28.3406905038083,30.957946188390025,T3211,G4
W0021F0002T0006Z000C1N50.png,14,36.93023915205271,36.522182280907096,28.3406905038083,30.957946188390025,T3211,G4
W0021F0002T0006Z000C1N50.png,15,41.2270336474362,40.91430804301896,28.3406905038083,30.957946188390025,T3211,G4
W0021F0002T0006Z000C1N50.png,16,117.16747573314828,117.1834305721557,28.3406905038083,30.957946188390025,T3211,G4
W0021F0002T0006Z000C1N50.png,17,59.81630004929692,59.41430810588343,28.3406905038083,30.957946188390025,T3211,G4
W0021F0002T0006Z000C1N50.png,18,70.64520859822659,70.30202667810404,28.3406905038083,30.957946188390025,T3211,G4
W0021F0002T0006Z000C1N50.png,19,75.61941768761798,75.30940855667262,28.3406905038083,30.957946188390025,T3211,G4
W0021F0002T0006Z000C1N53.png,1,31.155385032674555,25.195566803060053,13.106407665939583,15.147429201829016,T3211,G4
W0021F0002T0006Z000C1N53.png,2,22.834238138000313,11.598038627285217,13.106407665939583,15.147429201829016,T3211,G4
W0021F0002T0006Z000C1N53.png,3,6.083065839408178,4.640822186490725,13.106407665939583,15.147429201829016,T3211,G4
W0021F0002T0006Z000C1N53.png,4,30.569200149953232,33.31283248252928,13.106407665939583,15.147429201829016,T3211,G4
W0021F0002T0006Z000C1N53.png,5,45.72535637655604,50.7070276905,13.106407665939583,15.147429201829016,T3211,G4
W0021F0002T0006Z000C1N53.png,6,42.59105901334276,33.036237438939686,13.106407665939583,15.147429201829016,T3211,G4
W0021F0002T0006Z000C1N54.png,1,44.80671157884808,42.437565228569724,15.461937965515581,14.640630547342601,T3211,G4
W0021F0002T0006Z000C1N54.png,2,48.11527420679366,46.199494745437235,15.461937965515581,14.640630547342601,T3211,G4
W0021F0002T0006Z000C1N54.png,3,55.25695328768193,53.09580311565572,15.461937965515581,14.640630547342601,T3211,G4
W0021F0002T0006Z000C1N54.png,4,67.45967490648702,65.0088151636239,15.461937965515581,14.640630547342601,T3211,G4
W0021F0002T0006Z000C1N54.png,5,20.489955927505406,20.528155540148237,15.461937965515581,14.640630547342601,T3211,G4
W0021F0002T0006Z000C1N59.png,1,11.751670279991856,11.488144667325587,17.201571714798554,17.169790594297293,T3211,G4
W0021F0002T0006Z000C1N59.png,2,35.50182288739007,39.39952924099317,17.201571714798554,17.169790594297293,T3211,G4
W0021F0002T0006Z000C1N59.png,3,49.36374773553096,49.476958033660836,17.201571714798554,17.169790594297293,T3211,G4
W0021F0002T0006Z000C1N59.png,4,54.463676651963134,54.76223912138312,17.201571714798554,17.169790594297293,T3211,G4
W0021F0002T0006Z000C1N59.png,5,59.68707256806996,59.963151103080044,17.201571714798554,17.169790594297293,T3211,G4
W0021F0002T0006Z000C1N71.png,1,60.989243165953624,7.606074442606354,19.588727565583063,9.930728458669487,T3211,G4
W0021F0002T0006Z000C1N71.png,2,66.55546980237712,30.963134862573135,19.588727565583063,9.930728458669487,T3211,G4
W0021F0002T0006Z000C1N71.png,3,22.49893943217137,13.40047760240277,19.588727565583063,9.930728458669487,T3211,G4
W0021F0002T0006Z000C1N79.png,1,65.53272022148155,65.65205805965232,16.54048270013596,13.215452922627742,T3211,G4
W0021F0002T0006Z000C1N79.png,2,52.45861404847511,35.54661345888046,16.54048270013596,13.215452922627742,T3211,G4
W0021F0002T0006Z000C1N79.png,3,60.069549312264805,28.879010695578792,16.54048270013596,13.215452922627742,T3211,G4
W0021F0002T0006Z000C1N79.png,4,61.2024072597609,39.16203591093474,16.54048270013596,13.215452922627742,T3211,G4
W0021F0002T0006Z000C1N79.png,5,48.35335012357814,51.43025280092193,16.54048270013596,13.215452922627742,T3211,G4
W0021F0002T0006Z000C1N79.png,6,37.70718393127098,39.229754850846746,16.54048270013596,13.215452922627742,T3211,G4
W0021F0002T0006Z000C1N79.png,7,26.74674067641798,26.54512298285145,16.54048270013596,13.215452922627742,T3211,G4
W0021F0002T0006Z000C1N79.png,8,27.518025502099672,28.50609417574884,16.54048270013596,13.215452922627742,T3211,G4
W0021F0002T0006Z000C1N79.png,9,39.787220323974104,39.58341022843904,16.54048270013596,13.215452922627742,T3211,G4
W0021F0002T0006Z000C1N79.png,10,40.876545644883926,41.02639375827502,16.54048270013596,13.215452922627742,T3211,G4
W0021F0002T0006Z000C1N79.png,11,16.549099358202856,18.135286830076836,16.54048270013596,13.215452922627742,T3211,G4
W0021F0002T0006Z000C1N79.png,12,32.454606708668386,35.01073722184139,16.54048270013596,13.215452922627742,T3211,G4
W0021F0002T0006Z000C1N79.png,13,10.284456385848616,11.871231975468385,16.54048270013596,13.215452922627742,T3211,G4
W0021F0002T0006Z000C1N8.png,1,7.791716181264741,23.250671930871302,28.201815812509043,20.889242960842815,T3211,G4
W0021F0002T0006Z000C1N8.png,2,71.1146393302446,70.97810841195918,28.201815812509043,20.889242960842815,T3211,G4
W0021F0002T0006Z000C1N8.png,3,63.36335176083826,63.08908819218659,28.201815812509043,20.889242960842815,T3211,G4
W0021F0002T0006Z000C1N80.png,1,24.30578148545777,23.781711025039606,5.792873691500088,8.712066091452169,T3211,G4
W0021F0002T0006Z000C1N80.png,2,32.64451257383745,38.90441605385875,5.792873691500088,8.712066091452169,T3211,G4
W0021F0002T0006Z000C1N80.png,3,18.532440753069793,18.303574493603325,5.792873691500088,8.712066091452169,T3211,G4
W0021F0002T0006Z000C1N82.png,1,31.933936310774882,32.09174842385084,14.90873197919184,14.093452036965592,T3211,G4
W0021F0002T0006Z000C1N82.png,2,39.344958952088255,39.468977158499406,14.90873197919184,14.093452036965592,T3211,G4
W0021F0002T0006Z000C1N82.png,3,23.81917703163478,23.97858093761212,14.90873197919184,14.093452036965592,T3211,G4
W0021F0002T0006Z000C1N82.png,4,57.47133519396329,49.247008083827176,14.90873197919184,14.093452036965592,T3211,G4
W0021F0002T0006Z000C1N82.png,5,30.77724638514014,30.82227853977417,14.90873197919184,14.093452036965592,T3211,G4
W0021F0002T0006Z000C1N82.png,6,18.27661865300037,18.365203331328456,14.90873197919184,14.093452036965592,T3211,G4
W0021F0002T0006Z000C1N82.png,7,35.95004522457644,35.8002092874131,14.90873197919184,14.093452036965592,T3211,G4
W0021F0002T0006Z000C1N82.png,8,54.285851244147366,54.68065719537965,14.90873197919184,14.093452036965592,T3211,G4
W0021F0002T0006Z000C1N82.png,9,64.33177945967311,64.70264721834674,14.90873197919184,14.093452036965592,T3211,G4
W0021F0002T0006Z000C1N84.png,1,38.83134093124333,29.54227799085387,9.109577658190505,7.029207355067012,T3211,G4
W0021F0002T0006Z000C1N84.png,2,54.85205164536094,36.080204593117834,9.109577658190505,7.029207355067012,T3211,G4
W0021F0002T0006Z000C1N84.png,3,64.08592240342594,36.06432232934126,9.109577658190505,7.029207355067012,T3211,G4
W0021F0002T0006Z000C1N84.png,4,49.91549626240393,48.91611019004709,9.109577658190505,7.029207355067012,T3211,G4
W0021F0002T0006Z000C1N87.png,1,32.235528710128655,29.7707885231072,12.42774809196129,12.469603026015802,T3211,G4
W0021F0002T0006Z000C1N87.png,2,28.609900570098024,29.352104965496242,12.42774809196129,12.469603026015802,T3211,G4
W0021F0002T0006Z000C1N87.png,3,20.780561886262046,18.772517701364706,12.42774809196129,12.469603026015802,T3211,G4
W0021F0002T0006Z000C1N87.png,4,21.469146836969166,23.558565855710658,12.42774809196129,12.469603026015802,T3211,G4
W0021F0002T0006Z000C1N87.png,5,15.741013750355743,16.95993360911863,12.42774809196129,12.469603026015802,T3211,G4
W0021F0002T0006Z000C1N87.png,6,21.671011455002578,21.117386927706477,12.42774809196129,12.469603026015802,T3211,G4
W0021F0002T0006Z000C1N87.png,7,14.02145445308702,12.976130304665158,12.42774809196129,12.469603026015802,T3211,G4
W0021F0002T0006Z000C1N87.png,8,16.810089128579126,7.358752242595295,12.42774809196129,12.469603026015802,T3211,G4
W0021F0002T0006Z000C1N87.png,9,11.164536868835226,11.317937033582805,12.42774809196129,12.469603026015802,T3211,G4
W0021F0002T0006Z000C1N87.png,10,56.39006394558109,53.52392885307784,12.42774809196129,12.469603026015802,T3211,G4
W0021F0002T0006Z000C1N88.png,1,66.10705554124945,50.5626793853037,10.42372607339778,3.442108967958454,T3211,G4
W0021F0002T0006Z000C1N88.png,2,57.600542706287186,47.30071894347029,10.42372607339778,3.442108967958454,T3211,G4
W0021F0002T0006Z000C1N88.png,3,41.17360436535733,41.229372859770244,10.42372607339778,3.442108967958454,T3211,G4
W0021F0002T0006Z000C1N88.png,4,42.668276352845886,44.530604984388404,10.42372607339778,3.442108967958454,T3211,G4
W0021F0002T0006Z000C1N89.png,1,47.08273840575936,32.77103867525139,17.88774317732281,12.254395004564872,T3211,G4
W0021F0002T0006Z000C1N89.png,2,30.81472968062745,31.908178484966452,17.88774317732281,12.254395004564872,T3211,G4
W0021F0002T0006Z000C1N89.png,3,3.7154398317569908,6.354853618890097,17.88774317732281,12.254395004564872,T3211,G4
W0021F0003T0006Z000C1N10.png,1,81.62013177258075,15.023493150225413,27.853681043084826,24.22398658633821,T3211,G4
W0021F0003T0006Z000C1N10.png,2,101.72553744043762,81.62174248899152,27.853681043084826,24.22398658633821,T3211,G4
W0021F0003T0006Z000C1N10.png,3,36.872596528558994,36.24038726590194,27.853681043084826,24.22398658633821,T3211,G4
W0021F0003T0006Z000C1N10.png,4,38.78138718978675,37.740565485892574,27.853681043084826,24.22398658633821,T3211,G4
W0021F0003T0006Z000C1N101.png,1,91.11392726619097,68.37532036498048,17.103116319262373,18.78834405661991,T3211,G4
W0021F0003T0006Z000C1N101.png,2,53.989251133434344,13.823161733221943,17.103116319262373,18.78834405661991,T3211,G4
W0021F0003T0006Z000C1N101.png,3,39.13789434305891,34.8373661816733,17.103116319262373,18.78834405661991,T3211,G4
W0021F0003T0006Z000C1N101.png,4,49.776633418154425,24.888732456494232,17.103116319262373,18.78834405661991,T3211,G4
W0021F0003T0006Z000C1N101.png,5,45.963883349863266,41.66737845302001,17.103116319262373,18.78834405661991,T3211,G4
W0021F0003T0006Z000C1N101.png,6,66.63308768423664,59.26665958265896,17.103116319262373,18.78834405661991,T3211,G4
W0021F0003T0006Z000C1N103.png,1,10.14563886219842,20.454003071497066,16.0288135821722,16.136010146874607,T3211,G4
W0021F0003T0006Z000C1N103.png,2,38.431851978079784,17.429486217210144,16.0288135821722,16.136010146874607,T3211,G4
W0021F0003T0006Z000C1N103.png,3,47.86989260398773,53.071027216930226,16.0288135821722,16.136010146874607,T3211,G4
W0021F0003T0006Z000C1N105.png,1,63.732625360065775,63.52571852818051,6.2114600558569855,6.037531831010416,T3211,G4
W0021F0003T0006Z000C1N105.png,2,51.309705248351804,51.45065486615968,6.2114600558569855,6.037531831010416,T3211,G4
W0021F0003T0006Z000C1N19.png,1,34.24966450922902,34.20007445902979,11.718219853240845,7.433883578708685,T3211,G4
W0021F0003T0006Z000C1N19.png,2,36.49615520880444,36.57369133573132,11.718219853240845,7.433883578708685,T3211,G4
W0021F0003T0006Z000C1N19.png,3,24.627892811691876,24.856294974894777,11.718219853240845,7.433883578708685,T3211,G4
W0021F0003T0006Z000C1N19.png,4,22.640013710822807,22.412563682169004,11.718219853240845,7.433883578708685,T3211,G4
W0021F0003T0006Z000C1N19.png,5,54.07996942744958,43.241160637927415,11.718219853240845,7.433883578708685,T3211,G4
W0021F0003T0006Z000C1N19.png,6,54.36552595381454,40.55166088838099,11.718219853240845,7.433883578708685,T3211,G4
W0021F0003T0006Z000C1N19.png,7,39.94293291167492,40.0070252782003,11.718219853240845,7.433883578708685,T3211,G4
W0021F0003T0006Z000C1N20.png,1,71.69296019071272,27.207011837582694,16.003031639382566,11.624418279126626,T3211,G4
W0021F0003T0006Z000C1N20.png,2,71.2432407437436,45.27041106112286,16.003031639382566,11.624418279126626,T3211,G4
W0021F0003T0006Z000C1N20.png,3,43.075658193319676,34.91409627255921,16.003031639382566,11.624418279126626,T3211,G4
W0021F0003T0006Z000C1N20.png,4,56.54287812255307,46.50283561141893,16.003031639382566,11.624418279126626,T3211,G4
W0021F0003T0006Z000C1N20.png,5,58.60063647304018,59.19403735597943,16.003031639382566,11.624418279126626,T3211,G4
W0021F0003T0006Z000C1N20.png,6,26.054414786056768,26.479958621885725,16.003031639382566,11.624418279126626,T3211,G4
W0021F0003T0006Z000C1N25.png,1,61.49043280281428,44.493588553524695,16.85445732518155,8.307128963401075,T3211,G4
W0021F0003T0006Z000C1N25.png,2,18.896023730145536,30.710464635629155,16.85445732518155,8.307128963401075,T3211,G4
W0021F0003T0006Z000C1N25.png,3,33.473935484769314,34.57867573826927,16.85445732518155,8.307128963401075,T3211,G4
W0021F0003T0006Z000C1N25.png,4,21.66236946019853,21.321061815934975,16.85445732518155,8.307128963401075,T3211,G4
W0021F0003T0006Z000C1N3.png,1,18.80934872445354,28.325662647771047,10.62999274825023,10.300541163214758,T3211,G4
W0021F0003T0006Z000C1N3.png,2,40.98959729146224,42.603391129409424,10.62999274825023,10.300541163214758,T3211,G4
W0021F0003T0006Z000C1N3.png,3,31.83137270639714,32.20399814288504,10.62999274825023,10.300541163214758,T3211,G4
W0021F0003T0006Z000C1N3.png,4,8.52094622663887,44.72459425452075,10.62999274825023,10.300541163214758,T3211,G4
W0021F0003T0006Z000C1N3.png,5,22.52312847052498,44.14492206093618,10.62999274825023,10.300541163214758,T3211,G4
W0021F0003T0006Z000C1N3.png,6,33.75485817673608,33.97897219289746,10.62999274825023,10.300541163214758,T3211,G4
W0021F0003T0006Z000C1N3.png,7,15.116632554465792,13.611481288306798,10.62999274825023,10.300541163214758,T3211,G4
W0021F0003T0006Z000C1N30.png,1,10.951659218719644,38.07374513791513,11.68521342352378,7.365005588908592,T3211,G4
W0021F0003T0006Z000C1N30.png,2,32.34225324898696,32.36264242919605,11.68521342352378,7.365005588908592,T3211,G4
W0021F0003T0006Z000C1N30.png,3,38.36798479858022,45.99140257821139,11.68521342352378,7.365005588908592,T3211,G4
W0021F0003T0006Z000C1N30.png,4,45.81866214550354,42.97131391617547,11.68521342352378,7.365005588908592,T3211,G4
W0021F0003T0006Z000C1N30.png,5,28.681864931497365,25.508336674045182,11.68521342352378,7.365005588908592,T3211,G4
W0021F0003T0006Z000C1N31.png,1,32.736069286116084,34.479033442813744,15.517695584889761,15.035908254724518,T3211,G4
W0021F0003T0006Z000C1N31.png,2,24.363177980211493,24.240461305425107,15.517695584889761,15.035908254724518,T3211,G4
W0021F0003T0006Z000C1N31.png,3,60.65906089977612,59.99848343063512,15.517695584889761,15.035908254724518,T3211,G4
W0021F0003T0006Z000C1N35.png,1,22.430994290141186,10.581633298529752,12.82547527419042,12.160968077576914,T3211,G4
W0021F0003T0006Z000C1N35.png,2,33.55163696650582,32.36241971724706,12.82547527419042,12.160968077576914,T3211,G4
W0021F0003T0006Z000C1N35.png,3,7.195518097331307,7.285671745158783,12.82547527419042,12.160968077576914,T3211,G4
W0021F0003T0006Z000C1N35.png,4,34.338290706102136,31.855200943652736,12.82547527419042,12.160968077576914,T3211,G4
W0021F0003T0006Z000C1N35.png,5,44.99683792269146,36.20551762056219,12.82547527419042,12.160968077576914,T3211,G4
W0021F0003T0006Z000C1N37.png,1,13.965431744821867,12.680794645029577,11.078188646752777,11.95919607111676,T3211,G4
W0021F0003T0006Z000C1N37.png,2,23.876886007279374,23.42539658228122,11.078188646752777,11.95919607111676,T3211,G4
W0021F0003T0006Z000C1N37.png,3,40.797870064460525,41.65427810332891,11.078188646752777,11.95919607111676,T3211,G4
W0021F0003T0006Z000C1N42.png,1,16.551983079185835,16.8003398118258,14.438545485493146,13.578351491099152,T3211,G4
W0021F0003T0006Z000C1N42.png,2,19.336658578998772,23.556815608976322,14.438545485493146,13.578351491099152,T3211,G4
W0021F0003T0006Z000C1N42.png,3,10.596834203307376,43.86592786054471,14.438545485493146,13.578351491099152,T3211,G4
W0021F0003T0006Z000C1N42.png,4,33.2569116613781,31.272062538961535,14.438545485493146,13.578351491099152,T3211,G4
W0021F0003T0006Z000C1N42.png,5,11.877421549700781,12.185570592669599,14.438545485493146,13.578351491099152,T3211,G4
W0021F0003T0006Z000C1N42.png,6,51.59385338169519,49.50808216380344,14.438545485493146,13.578351491099152,T3211,G4
W0021F0003T0006Z000C1N44.png,1,5.990726014928485,6.717685558834645,16.83034384871832,16.512475067700624,T3211,G4
W0021F0003T0006Z000C1N44.png,2,3.2100536513342575,2.4146254316252653,16.83034384871832,16.512475067700624,T3211,G4
W0021F0003T0006Z000C1N44.png,3,32.10380732007412,7.889187568268507,16.83034384871832,16.512475067700624,T3211,G4
W0021F0003T0006Z000C1N44.png,4,52.42054765055761,52.81745346507374,16.83034384871832,16.512475067700624,T3211,G4
W0021F0003T0006Z000C1N44.png,5,20.070066086897604,19.454640722337988,16.83034384871832,16.512475067700624,T3211,G4
W0021F0003T0006Z000C1N44.png,6,25.790126213222663,26.233290829840534,16.83034384871832,16.512475067700624,T3211,G4
W0021F0003T0006Z000C1N44.png,7,3.422039739754768,5.443507184275646,16.83034384871832,16.512475067700624,T3211,G4
W0021F0003T0006Z000C1N48.png,1,1.4009755150104473,1.8469741019840302,13.49320555404782,15.309443085534955,T3211,G4
W0021F0003T0006Z000C1N48.png,2,24.271861825992993,24.53528275702346,13.49320555404782,15.309443085534955,T3211,G4
W0021F0003T0006Z000C1N48.png,3,21.72101230338586,21.48454209186627,13.49320555404782,15.309443085534955,T3211,G4
W0021F0003T0006Z000C1N48.png,4,19.600322933453054,31.823883272278227,13.49320555404782,15.309443085534955,T3211,G4
W0021F0003T0006Z000C1N48.png,5,48.00276352588931,54.480055622178924,13.49320555404782,15.309443085534955,T3211,G4
W0021F0003T0006Z000C1N48.png,6,34.69533591948124,33.88251466920902,13.49320555404782,15.309443085534955,T3211,G4
W0021F0003T0006Z000C1N48.png,7,17.01124695596973,14.70106293525239,13.49320555404782,15.309443085534955,T3211,G4
W0021F0003T0006Z000C1N60.png,1,3.5866603699801085,37.799924315699954,16.042469887498747,8.074248271963155,T3211,G4
W0021F0003T0006Z000C1N60.png,2,7.349132829357987,27.457665727338306,16.042469887498747,8.074248271963155,T3211,G4
W0021F0003T0006Z000C1N60.png,3,26.655838822168146,27.14011094671663,16.042469887498747,8.074248271963155,T3211,G4
W0021F0003T0006Z000C1N60.png,4,27.127938224064707,27.041055814075502,16.042469887498747,8.074248271963155,T3211,G4
W0021F0003T0006Z000C1N60.png,5,25.314916139688943,24.458609938819976,16.042469887498747,8.074248271963155,T3211,G4
W0021F0003T0006Z000C1N60.png,6,26.24839864899153,27.140983702644853,16.042469887498747,8.074248271963155,T3211,G4
W0021F0003T0006Z000C1N60.png,7,18.748369956203163,18.508708267873565,16.042469887498747,8.074248271963155,T3211,G4
W0021F0003T0006Z000C1N60.png,8,27.72720376996979,28.5927793132393,16.042469887498747,8.074248271963155,T3211,G4
W0021F0003T0006Z000C1N60.png,9,20.921303718043536,21.30419208026593,16.042469887498747,8.074248271963155,T3211,G4
W0021F0003T0006Z000C1N60.png,10,34.623187637861726,35.50169996204486,16.042469887498747,8.074248271963155,T3211,G4
W0021F0003T0006Z000C1N60.png,11,48.44413773313323,5.162292343570855,16.042469887498747,8.074248271963155,T3211,G4
W0021F0003T0006Z000C1N60.png,12,66.16029604298355,31.056742548465216,16.042469887498747,8.074248271963155,T3211,G4
W0021F0003T0006Z000C1N64.png,1,49.485825170380984,31.210255117684436,2.8351594506963305,10.402667890276883,T3211,G4
W0021F0003T0006Z000C1N64.png,2,55.728247883601796,55.092021488161684,2.8351594506963305,10.402667890276883,T3211,G4
W0021F0003T0006Z000C1N64.png,3,49.97156692917283,50.8463103496512,2.8351594506963305,10.402667890276883,T3211,G4
W0021F0003T0006Z000C1N67.png,1,10.687466204465288,10.015688800676664,8.698254464844515,8.279275256781949,T3211,G4
W0021F0003T0006Z000C1N67.png,2,34.73860897444557,34.12933045480446,8.698254464844515,8.279275256781949,T3211,G4
W0021F0003T0006Z000C1N67.png,3,26.055083516688676,26.49240408077709,8.698254464844515,8.279275256781949,T3211,G4
W0021F0003T0006Z000C1N67.png,4,21.438007231116195,21.887968246433925,8.698254464844515,8.279275256781949,T3211,G4
W0021F0003T0006Z000C1N67.png,5,22.710102121799675,22.81038875508591,8.698254464844515,8.279275256781949,T3211,G4
W0021F0003T0006Z000C1N67.png,6,14.598516877112479,13.450098654316099,8.698254464844515,8.279275256781949,T3211,G4
W0021F0003T0006Z000C1N67.png,7,22.86000874890471,19.995456470870025,8.698254464844515,8.279275256781949,T3211,G4
W0021F0003T0006Z000C1N67.png,8,30.855452628605207,30.05599575602889,8.698254464844515,8.279275256781949,T3211,G4
W0021F0003T0006Z000C1N67.png,9,6.310720665066708,8.758737564257162,8.698254464844515,8.279275256781949,T3211,G4
W0021F0003T0006Z000C1N68.png,1,26.741770639937634,26.65591201241053,13.044873353327704,12.81954675392148,T3211,G4
W0021F0003T0006Z000C1N68.png,2,29.93765526171368,29.87333977345199,13.044873353327704,12.81954675392148,T3211,G4
W0021F0003T0006Z000C1N68.png,3,25.181151986098445,26.34323248156313,13.044873353327704,12.81954675392148,T3211,G4
W0021F0003T0006Z000C1N68.png,4,65.77935287160959,65.40543356072925,13.044873353327704,12.81954675392148,T3211,G4
W0021F0003T0006Z000C1N68.png,5,41.84744376162917,40.957433824148865,13.044873353327704,12.81954675392148,T3211,G4
W0021F0003T0006Z000C1N68.png,6,48.03378696525128,47.881344772769495,13.044873353327704,12.81954675392148,T3211,G4
W0021F0003T0006Z000C1N68.png,7,32.10034090451411,31.904318297783977,13.044873353327704,12.81954675392148,T3211,G4
W0021F0003T0006Z000C1N68.png,8,48.383504778415876,48.619316346799955,13.044873353327704,12.81954675392148,T3211,G4
W0021F0003T0006Z000C1N70.png,1,88.0136630750083,46.678521406961686,27.92713481924483,11.32787336184875,T3211,G4
W0021F0003T0006Z000C1N70.png,2,66.23769551011245,34.207914477418456,27.92713481924483,11.32787336184875,T3211,G4
W0021F0003T0006Z000C1N70.png,3,24.3258139780449,24.486072014134056,27.92713481924483,11.32787336184875,T3211,G4
W0021F0003T0006Z000C1N70.png,4,19.55947156536541,18.689920916827234,27.92713481924483,11.32787336184875,T3211,G4
W0021F0003T0006Z000C1N70.png,5,26.60699341837465,25.772785819326725,27.92713481924483,11.32787336184875,T3211,G4
W0021F0003T0006Z000C1N70.png,6,10.912237112943671,11.061187667130627,27.92713481924483,11.32787336184875,T3211,G4
W0021F0003T0006Z000C1N82.png,1,44.75985747509839,44.526298583521914,3.9316314634743357,3.857825205048666,T3211,G4
W0021F0003T0006Z000C1N82.png,2,36.89659454814972,36.81064817342458,3.9316314634743357,3.857825205048666,T3211,G4
W0021F0003T0006Z000C1N83.png,1,4.238281842476429,4.662092996832106,10.985822297986717,10.707999603390318,T3211,G4
W0021F0003T0006Z000C1N83.png,2,26.209926438449862,26.07809220361274,10.985822297986717,10.707999603390318,T3211,G4
W0021F0003T0006Z000C1N86.png,1,37.16645927152557,37.038320699034486,20.709680226497774,19.656895936477667,T3211,G4
W0021F0003T0006Z000C1N86.png,2,31.54459281072533,31.342005359119607,20.709680226497774,19.656895936477667,T3211,G4
W0021F0003T0006Z000C1N86.png,3,30.245808295789164,30.743201123507294,20.709680226497774,19.656895936477667,T3211,G4
W0021F0003T0006Z000C1N86.png,4,80.43384981952362,78.08085003458653,20.709680226497774,19.656895936477667,T3211,G4
W0021F0003T0006Z000C1N91.png,1,6.3330735800487234,6.567868946124381,0.0,0.0,T3211,G4
W0021F0003T0006Z000C1N92.png,1,62.59183668808893,23.77762848473381,19.171005805252445,3.7490845368750754,T3211,G4
W0021F0003T0006Z000C1N92.png,2,29.804132519403296,26.970904703594012,19.171005805252445,3.7490845368750754,T3211,G4
W0021F0003T0006Z000C1N92.png,3,17.084440888789853,17.917551691915904,19.171005805252445,3.7490845368750754,T3211,G4
W0021F0003T0006Z000C1N93.png,1,56.256603114199315,56.11307667794101,16.904394260281407,16.37113979922397,T3211,G4
W0021F0003T0006Z000C1N93.png,2,69.04990447304704,70.02446281994118,16.904394260281407,16.37113979922397,T3211,G4
W0021F0003T0006Z000C1N93.png,3,49.3627356680236,49.76296008948135,16.904394260281407,16.37113979922397,T3211,G4
W0021F0003T0006Z000C1N93.png,4,90.06831288342221,89.09473032579365,16.904394260281407,16.37113979922397,T3211,G4
W0021F0003T0006Z000C1N93.png,5,90.38693988484948,89.41567834574286,16.904394260281407,16.37113979922397,T3211,G4
W0021F0003T0006Z000C1N94.png,1,57.81893008023882,58.4899218390389,7.534688758066754,7.333624189102423,T3211,G4
W0021F0003T0006Z000C1N94.png,2,76.23546774152503,76.44353942107594,7.534688758066754,7.333624189102423,T3211,G4
W0021F0003T0006Z000C1N94.png,3,68.07374632597546,67.98625796324083,7.534688758066754,7.333624189102423,T3211,G4
W0021F0003T0006Z000C1N98.png,1,37.82874005288354,38.37256999548413,7.555457483352141,7.456579164185074,T3211,G4
W0021F0003T0006Z000C1N98.png,2,42.74754835726733,42.722220126569354,7.555457483352141,7.456579164185074,T3211,G4
W0021F0003T0006Z000C1N98.png,3,58.14044943507613,58.244661097953504,7.555457483352141,7.456579164185074,T3211,G4
W0021F0003T0006Z000C1N98.png,4,43.99613292710216,44.095007681267184,7.555457483352141,7.456579164185074,T3211,G4
