group,image,pbody_id,distance_to_nucleus_um,distance_to_mitochondria_um
G3,W0056F0003T0006Z000C1N51.png,1,0.054164488148863155,0.054164488148863155
G3,W0056F0003T0006Z000C1N51.png,2,0.07134171306238575,0.07134171306238575
G3,W0056F0003T0006Z000C1N51.png,3,0.06443348072599818,0.06443348072599818
G3,W0056F0003T0006Z000C1N51.png,4,0.08125,0.08125
G3,W0056F0003T0006Z000C1N51.png,5,0.036497990555328735,0.036497990555328735
G3,W0056F0003T0006Z000C1N51.png,6,0.0541666666666659,0.0541666666666659
G3,W0056F0003T0006Z000C1N51.png,7,0.0,0.0
G3,W0056F0003T0006Z000C1N51.png,8,0.10350788299886754,0.10350788299886754
G3,W0056F0003T0006Z000C1N51.png,9,0.07660323462854217,0.07660323462854217
G3,W0056F0003T0006Z000C1N51.png,10,0.054166666666666766,0.054166666666666766
G3,W0056F0003T0006Z000C1N51.png,11,0.0,0.0
G3,W0056F0003T0006Z000C1N51.png,12,0.0,0.0
G3,W0056F0003T0006Z000C1N51.png,13,0.0,0.0
G3,W0056F0003T0006Z000C1N51.png,14,0.0,0.0
G3,W0056F0003T0006Z000C1N51.png,15,0.0,0.0
G3,W0056F0003T0006Z000C1N51.png,16,0.0,0.0
G3,W0056F0003T0006Z000C1N51.png,17,0.04605958221067058,0.04605958221067058
G3,W0056F0003T0006Z000C1N51.png,18,0.0,0.0
G3,W0056F0003T0006Z000C1N51.png,19,0.04596194077712625,0.04596194077712625
G3,W0056F0003T0006Z000C1N51.png,20,0.08125,0.08125
G3,W0056F0003T0006Z000C1N51.png,21,0.11490485194281398,0.11490485194281398
G3,W0056F0003T0006Z000C1N51.png,22,0.05416666666666705,0.05416666666666705
G3,W0056F0003T0006Z000C1N51.png,23,0.0,0.0
G3,W0056F0003T0006Z000C1N51.png,24,0.0,0.0
G3,W0056F0003T0006Z000C1N51.png,25,0.0,0.0
G3,W0056F0003T0006Z000C1N51.png,26,0.0,0.0
G3,W0056F0003T0006Z000C1N51.png,27,0.0,0.0
G3,W0056F0003T0006Z000C1N51.png,28,0.0,0.0
G3,W0056F0003T0006Z000C1N51.png,29,0.0,0.0
G3,W0056F0003T0006Z000C1N51.png,30,0.0,0.0
G3,W0056F0003T0006Z000C1N51.png,31,0.0,0.0
G3,W0056F0003T0006Z000C1N51.png,32,0.0856069470470483,0.0856069470470483
G3,W0056F0003T0006Z000C1N51.png,33,0.05416666666666705,0.05416666666666705
G3,W0056F0003T0006Z000C1N51.png,34,0.0,0.0
G3,W0056F0003T0006Z000C1N51.png,35,0.0,0.0
G3,W0056F0003T0006Z000C1N51.png,36,0.0,0.0
G3,W0056F0003T0006Z000C1N51.png,37,0.0,0.0
G3,W0056F0003T0006Z000C1N51.png,38,0.06500000000000093,0.06500000000000093
G3,W0056F0003T0006Z000C1N51.png,39,0.0,0.0
G3,W0056F0003T0006Z000C1N51.png,40,0.0,0.0
G3,W0056F0003T0006Z000C1N51.png,41,0.04414043295189379,0.04414043295189379
G3,W0056F0003T0006Z000C1N51.png,42,0.0,0.0
G3,W0056F0003T0006Z000C1N51.png,43,0.0,0.0
G3,W0056F0003T0006Z000C1N51.png,44,0.0,0.0
G3,W0056F0003T0006Z000C1N51.png,45,0.0,0.0
G3,W0056F0003T0006Z000C1N51.png,46,0.0,0.0
G3,W0056F0003T0006Z000C1N51.png,47,0.08125,0.08125
G3,W0056F0003T0006Z000C1N51.png,48,0.040625,0.040625
G3,W0056F0003T0006Z000C1N51.png,49,0.03402900997658502,0.03402900997658502
G3,W0056F0003T0006Z000C1N51.png,50,0.0,0.0
G3,W0056F0003T0006Z000C1N51.png,51,0.07267220926874317,0.07267220926874317
G3,W0056F0003T0006Z000C1N51.png,52,0.07028335853238427,0.07028335853238427
G3,W0056F0003T0006Z000C1N51.png,53,0.0,0.0
G3,W0056F0003T0006Z000C1N51.png,54,0.009558823529412308,0.009558823529412308
G3,W0056F0003T0006Z000C1N51.png,55,0.032829957697945916,0.032829957697945916
G3,W0056F0003T0006Z000C1N51.png,56,0.0,0.0
G3,W0056F0003T0006Z000C1N51.png,57,0.0,0.0
G3,W0056F0003T0006Z000C1N51.png,58,0.0,0.0
G3,W0056F0003T0006Z000C1N51.png,59,0.0,0.0
G3,W0056F0003T0006Z000C1N51.png,60,0.0,0.0
G3,W0056F0003T0006Z000C1N51.png,61,0.0,0.0
G3,W0056F0003T0006Z000C1N51.png,62,0.07660323462854238,0.07660323462854238
G3,W0056F0003T0006Z000C1N51.png,63,0.02708333333333295,0.02708333333333295
G3,W0056F0003T0006Z000C1N51.png,64,0.0,0.0
G3,W0056F0003T0006Z000C1N51.png,65,0.11490485194281398,0.11490485194281398
G3,W0056F0003T0006Z000C1N51.png,66,0.0,0.0
G3,W0056F0003T0006Z000C1N51.png,67,0.0,0.0
G3,W0056F0003T0006Z000C1N51.png,68,0.04513888888888902,0.04513888888888902
G3,W0056F0003T0006Z000C1N51.png,69,0.07101689683859426,0.07101689683859426
G3,W0056F0003T0006Z000C1N51.png,70,0.0,0.0
G3,W0056F0003T0006Z000C1N51.png,71,0.0,0.0
G3,W0056F0003T0006Z000C1N51.png,72,0.0,0.0
G3,W0056F0003T0006Z000C1N51.png,73,0.06056017439061896,0.06056017439061896
G3,W0056F0003T0006Z000C1N51.png,74,0.07267220926874421,0.07267220926874421
G3,W0056F0003T0006Z000C1N51.png,75,0.0,0.0
G3,W0056F0003T0006Z000C1N51.png,76,0.0,0.0
G3,W0056F0003T0006Z000C1N51.png,77,0.05688360287991417,0.05688360287991417
G3,W0056F0003T0006Z000C1N51.png,78,0.0,0.0
G3,W0056F0003T0006Z000C1N51.png,79,0.07532642463262056,0.07532642463262056
G3,W0056F0003T0006Z000C1N51.png,80,0.08125,0.08125
G3,W0056F0003T0006Z000C1N51.png,81,0.0,0.0
G3,W0056F0003T0006Z000C1N51.png,82,0.0,0.0
G3,W0056F0003T0006Z000C1N51.png,83,0.06189210914803224,0.06189210914803224
G3,W0056F0003T0006Z000C1N51.png,84,0.0,0.0
G3,W0056F0003T0006Z000C1N51.png,85,0.11490485194281398,0.11490485194281398
G3,W0056F0003T0006Z000C1N51.png,86,0.0,0.0
G3,W0056F0003T0006Z000C1N51.png,87,0.08361193141798474,0.08361193141798474
G3,W0056F0003T0006Z000C1N51.png,88,0.1130580020224825,0.1130580020224825
G3,W0056F0003T0006Z000C1N51.png,89,0.040625,0.040625
G3,W0056F0003T0006Z000C1N51.png,90,0.054166666666666766,0.054166666666666766
G3,W0056F0003T0006Z000C1N51.png,91,0.1015625,0.1015625
G3,W0056F0002T0006Z000C1N80.png,1,0.04631962664465177,0.04631962664465177
G3,W0056F0002T0006Z000C1N80.png,2,3.531167097158237,21.889867861206845
G3,W0056F0002T0006Z000C1N80.png,3,0.12118212912128415,0.12118212912128415
G3,W0056F0002T0006Z000C1N80.png,4,7.408109529802833,14.459495630515224
G3,W0056F0002T0006Z000C1N80.png,5,2.7169861775299657,4.095587479905117
G3,W0056F0001T0006Z000C1N27.png,1,0.10183797517001456,0.10183797517001456
G3,W0056F0001T0006Z000C1N27.png,2,0.3447145558284419,4.307016441227036
G3,W0056F0001T0006Z000C1N27.png,3,2.3266459227824074,5.161773556637292
G3,W0056F0001T0006Z000C1N27.png,4,7.132164610726471,15.426308001470675
G3,W0056F0001T0006Z000C1N27.png,5,4.109731812126191,22.372312449042948
G3,W0056F0001T0006Z000C1N33.png,1,0.08029912567053893,0.08029912567053893
G3,W0056F0001T0006Z000C1N33.png,2,0.0,1.8168052317185792
G3,W0056F0001T0006Z000C1N33.png,3,1.1368549758483313,8.128267398577496
G3,W0056F0001T0006Z000C1N33.png,4,1.3452666905995119,7.2101169807938135
G3,W0056F0001T0006Z000C1N33.png,5,1.636245808924264,9.338763766182092
G3,W0056F0002T0006Z000C1N68.png,1,0.148643955511835,17.60471087594199
G3,W0056F0002T0006Z000C1N68.png,2,1.4103992075809237,18.863035660190064
G3,W0056F0002T0006Z000C1N68.png,3,0.6345827861674157,5.587377655260114
G3,W0056F0002T0006Z000C1N68.png,4,0.026587393634906385,0.026587393634906385
G3,W0056F0002T0006Z000C1N68.png,5,3.2314037412383,7.651378643021719
G3,W0056F0002T0006Z000C1N68.png,6,10.71872317375976,21.3256529652051
G3,W0056F0002T0006Z000C1N68.png,7,10.14494996368267,16.11092439202745
G3,W0056F0002T0006Z000C1N68.png,8,15.697533643856286,22.71189666232215
G3,W0056F0001T0006Z000C1N25.png,1,7.756317838755642,
G3,W0056F0001T0006Z000C1N25.png,2,2.254010314971961,
G3,W0056F0001T0006Z000C1N25.png,3,3.1503096410190916,
G3,W0056F0001T0006Z000C1N25.png,4,0.29295104113144915,
G3,W0056F0001T0006Z000C1N25.png,5,1.6025004875194266,
G3,W0056F0001T0006Z000C1N31.png,1,0.14252192813739117,0.14252192813739117
G3,W0056F0001T0006Z000C1N31.png,2,4.609301670791478,5.992856895284677
G3,W0056F0001T0006Z000C1N31.png,3,0.9061250002850212,7.575014815032358
G3,W0056F0001T0006Z000C1N31.png,4,0.8261704872457286,4.234876354722215
G3,W0056F0001T0006Z000C1N31.png,5,1.7009109589504618,13.556397404556927
G3,W0056F0001T0006Z000C1N19.png,1,4.425755460516884,4.425755460516884
G3,W0056F0001T0006Z000C1N19.png,2,0.2619927566471836,0.2619927566471836
G3,W0056F0001T0006Z000C1N19.png,3,0.3790118731649448,3.45418586645247
G3,W0056F0001T0006Z000C1N19.png,4,0.1837130596371695,0.1837130596371695
G3,W0056F0001T0006Z000C1N19.png,5,0.9263925328930496,1.5458866792232864
G3,W0056F0001T0006Z000C1N19.png,6,0.11490485194281398,11.7613409365174
G3,W0056F0001T0006Z000C1N19.png,7,2.5922570691971822,12.97123900011471
G3,W0056F0001T0006Z000C1N19.png,8,1.8705154703984674,11.788252229444364
G3,W0056F0001T0006Z000C1N19.png,9,1.0938824091219685,16.613514946282
G3,W0056F0001T0006Z000C1N18.png,1,9.603875427415156,
G3,W0056F0001T0006Z000C1N18.png,2,3.4340681442022922,
G3,W0056F0001T0006Z000C1N18.png,3,1.8898267943121139,
G3,W0056F0001T0006Z000C1N18.png,4,9.712602959557236,
G3,W0056F0001T0006Z000C1N18.png,5,1.474792444753512,
G3,W0056F0001T0006Z000C1N30.png,1,0.12359082820596012,0.12359082820596012
G3,W0056F0001T0006Z000C1N30.png,2,5.204520739973327,5.49752474485677
G3,W0056F0001T0006Z000C1N30.png,3,1.2457165474067569,10.318403088280697
G3,W0056F0003T0006Z000C1N47.png,1,10.700007246457396,
G3,W0056F0003T0006Z000C1N47.png,2,6.385366112496997,
G3,W0056F0003T0006Z000C1N47.png,3,5.366979189916802,
G3,W0056F0003T0006Z000C1N47.png,4,11.729427108994395,
G3,W0056F0003T0006Z000C1N47.png,5,6.0055327979174535,
G3,W0056F0003T0006Z000C1N47.png,6,6.667513046825768,
G3,W0056F0003T0006Z000C1N53.png,1,4.5144367242193795,10.035127404726154
G3,W0056F0003T0006Z000C1N53.png,2,0.7490879871550471,6.63121465589073
G3,W0056F0003T0006Z000C1N53.png,3,4.498774053232901,8.179520292851656
G3,W0056F0003T0006Z000C1N53.png,4,2.3647902013246314,16.181424000880796
G3,W0056F0003T0006Z000C1N53.png,5,3.322542435504965,17.628031485526023
G3,W0056F0003T0006Z000C1N57.png,1,0.06768069163659673,0.06768069163659673
G3,W0056F0003T0006Z000C1N57.png,2,0.10982765679705118,2.7465817700831496
G3,W0056F0003T0006Z000C1N57.png,3,1.9119531755416987,5.9341227911737
G3,W0056F0003T0006Z000C1N57.png,4,0.6101101532614049,8.411870231286354
G3,W0056F0003T0006Z000C1N57.png,5,0.8125,8.095697159602748
G3,W0056F0003T0006Z000C1N57.png,6,2.5959867262474106,7.858518312827733
G3,W0056F0003T0006Z000C1N57.png,7,2.5448247115469464,3.7348496037323913
G3,W0056F0003T0006Z000C1N43.png,1,1.8644396621790287,4.515455500711557
G3,W0056F0003T0006Z000C1N43.png,2,0.08375058302035873,0.08375058302035873
G3,W0056F0003T0006Z000C1N43.png,3,0.08125,2.373000803307913
G3,W0056F0003T0006Z000C1N43.png,4,0.09750563632685431,0.09750563632685431
G3,W0056F0003T0006Z000C1N43.png,5,0.04193548387096655,0.04193548387096655
G3,W0056F0003T0006Z000C1N43.png,6,0.060185185185184585,0.060185185185184585
G3,W0056F0003T0006Z000C1N43.png,7,0.37959631741829414,1.7536211432910842
G3,W0056F0003T0006Z000C1N43.png,8,0.21809587121776647,0.21809587121776647
G3,W0056F0003T0006Z000C1N43.png,9,3.3926429678641346,8.702300058455695
G3,W0056F0003T0006Z000C1N43.png,10,0.07660323462854156,2.1097203935329643
G3,W0056F0003T0006Z000C1N43.png,11,0.9884489111734607,1.4715000849473303
G3,W0056F0001T0006Z000C1N20.png,1,0.08670897404856932,0.08670897404856932
G3,W0056F0001T0006Z000C1N20.png,2,1.3836376422315202,1.3836376422315202
G3,W0056F0001T0006Z000C1N20.png,3,4.2272737265597975,13.15734134248789
G3,W0056F0001T0006Z000C1N20.png,4,0.46595928529814234,11.95219136695118
G3,W0056F0001T0006Z000C1N20.png,5,0.07267220926874421,11.655000268125265
G3,W0056F0001T0006Z000C1N20.png,6,0.08125,7.618893558942795
G3,W0056F0001T0006Z000C1N20.png,7,1.8705154703984674,9.123908325109367
G3,W0056F0001T0006Z000C1N20.png,8,1.0174678924705707,8.250747942256686
G3,W0056F0001T0006Z000C1N20.png,9,0.26040092545017607,2.0754466461136007
G3,W0056F0001T0006Z000C1N20.png,10,0.0585902082262897,3.4222746912689512
G3,W0056F0001T0006Z000C1N20.png,11,0.24967220245290836,0.24967220245290836
G3,W0056F0001T0006Z000C1N20.png,12,1.0143703670318587,1.0896718503808145
G3,W0056F0001T0006Z000C1N20.png,13,4.937699294696437,5.172759111426482
G3,W0056F0003T0006Z000C1N2.png,1,5.6418452077582355,
G3,W0056F0003T0006Z000C1N2.png,2,7.753310784755117,
G3,W0056F0003T0006Z000C1N2.png,3,2.817823836374358,
G3,W0056F0003T0006Z000C1N2.png,4,5.4736140176798,
G3,W0056F0003T0006Z000C1N2.png,5,2.9122321336047365,
G3,W0056F0003T0006Z000C1N2.png,6,2.649390920677222,
G3,W0056F0003T0006Z000C1N2.png,7,2.7600494875598365,
G3,W0056F0003T0006Z000C1N26.png,1,6.819352011902956,
G3,W0056F0003T0006Z000C1N26.png,2,11.000265482740339,
G3,W0056F0001T0006Z000C1N51.png,1,13.726441465744136,18.786328348362808
G3,W0056F0001T0006Z000C1N51.png,2,9.492546546707382,13.194200108528984
G3,W0056F0001T0006Z000C1N51.png,3,0.8062579101019974,11.296350273259655
G3,W0056F0001T0006Z000C1N51.png,4,2.067847528899986,12.387358881918473
G3,W0056F0001T0006Z000C1N51.png,5,4.883794151323333,8.114023836081577
G3,W0056F0001T0006Z000C1N51.png,6,2.9541945814383994,9.16433729873579
G3,W0056F0001T0006Z000C1N51.png,7,0.036443449342783096,0.036443449342783096
G3,W0056F0001T0006Z000C1N51.png,8,0.14831255020674455,0.37745877678738393
G3,W0056F0001T0006Z000C1N51.png,9,2.1702844551873732,7.730211074884132
G3,W0056F0001T0006Z000C1N51.png,10,0.05583372201357436,0.18418657980579436
G3,W0056F0001T0006Z000C1N51.png,11,3.157130330245115,6.896886101305127
G3,W0056F0002T0006Z000C1N21.png,1,0.0816552394216074,0.0816552394216074
G3,W0056F0002T0006Z000C1N21.png,2,1.627029982053189,1.627029982053189
G3,W0056F0002T0006Z000C1N21.png,3,5.4921814312046076,21.214541879013712
G3,W0056F0002T0006Z000C1N21.png,4,2.815755060814062,15.418030485846758
G3,W0056F0002T0006Z000C1N21.png,5,4.889669944890118,11.03667331600639
G3,W0056F0002T0006Z000C1N21.png,6,7.154153623071005,20.32370940705707
G3,W0056F0002T0006Z000C1N6.png,1,5.1575131291657765,
G3,W0056F0002T0006Z000C1N6.png,2,1.2023341722394383,
G3,W0056F0002T0006Z000C1N6.png,3,3.128220259191695,
G3,W0056F0002T0006Z000C1N6.png,4,5.379037247457356,
G3,W0056F0002T0006Z000C1N6.png,5,10.795877757852766,
G3,W0056F0003T0006Z000C1N31.png,1,5.084184917294394,7.720785399318823
G3,W0056F0003T0006Z000C1N31.png,2,1.797070937316546,6.906670495824606
G3,W0056F0003T0006Z000C1N31.png,3,0.22980970388562796,13.328962825366421
G3,W0056F0003T0006Z000C1N31.png,4,0.18083317658854045,0.18083317658854045
G3,W0056F0003T0006Z000C1N31.png,5,4.148240711551894,8.38122032439051
G3,W0056F0003T0006Z000C1N31.png,6,1.274596661040392,2.0768922327870496
G3,W0056F0003T0006Z000C1N31.png,7,2.8852331469917645,5.228486426538755
G3,W0056F0001T0006Z000C1N46.png,1,1.3745523390009788,3.7755878715122235
G3,W0056F0001T0006Z000C1N46.png,2,1.9340331641562978,8.489337823169118
G3,W0056F0001T0006Z000C1N46.png,3,1.9974284248753444,2.2662196633380445
G3,W0056F0001T0006Z000C1N46.png,4,1.3102412957491536,6.415289053657311
G3,W0056F0001T0006Z000C1N46.png,5,2.7625,14.297229845323184
G3,W0056F0001T0006Z000C1N46.png,6,1.919220626322049,11.525924651085482
G3,W0056F0001T0006Z000C1N46.png,7,0.34465789197405566,11.22205035020339
G3,W0056F0001T0006Z000C1N46.png,8,1.4767825488532,12.640422274732515
G3,W0056F0001T0006Z000C1N52.png,1,3.3668274569689496,
G3,W0056F0001T0006Z000C1N52.png,2,0.6328947368421048,
G3,W0056F0001T0006Z000C1N52.png,3,3.1980497616253616,
G3,W0056F0001T0006Z000C1N52.png,4,3.0973162666339955,
G3,W0056F0001T0006Z000C1N52.png,5,4.348061315923598,
G3,W0056F0001T0006Z000C1N47.png,1,0.48970589361870853,5.217588239868717
G3,W0056F0001T0006Z000C1N47.png,2,3.8247957461804414,6.928676821731549
G3,W0056F0001T0006Z000C1N47.png,3,5.757362454167391,6.453401636910341
G3,W0056F0001T0006Z000C1N47.png,4,0.0666531275634428,0.0666531275634428
G3,W0056F0001T0006Z000C1N47.png,5,2.594656181939976,8.22394158140107
G3,W0056F0001T0006Z000C1N47.png,6,1.5869526557807117,9.863257495330306
G3,W0056F0001T0006Z000C1N47.png,7,3.3393255774931556,13.661495903176197
G3,W0056F0003T0006Z000C1N24.png,1,0.026915633062497203,0.026915633062497203
G3,W0056F0003T0006Z000C1N24.png,2,1.3745523390009788,10.22087855413454
G3,W0056F0003T0006Z000C1N24.png,3,0.061175014259209244,0.061175014259209244
G3,W0056F0003T0006Z000C1N24.png,4,0.9217001952912908,1.7169194797660159
G3,W0056F0003T0006Z000C1N24.png,5,1.2202984118475941,1.8152563664890349
G3,W0056F0003T0006Z000C1N24.png,6,0.5138701197773617,2.1862139076494778
G3,W0056F0003T0006Z000C1N24.png,7,1.1173721438323492,2.3801188668452045
G3,W0056F0003T0006Z000C1N24.png,8,0.025954360453123437,0.025954360453123437
G3,W0056F0002T0006Z000C1N5.png,1,7.411140263144397,20.78094830608074
G3,W0056F0002T0006Z000C1N5.png,2,3.918973306813136,11.872088138971755
G3,W0056F0002T0006Z000C1N5.png,3,4.337258638817842,13.576289073233527
G3,W0056F0002T0006Z000C1N5.png,4,3.214700272110322,4.346928903842543
G3,W0056F0002T0006Z000C1N26.png,1,3.6336104634371584,
G3,W0056F0002T0006Z000C1N26.png,2,7.126211215275775,
G3,W0056F0002T0006Z000C1N26.png,3,2.550681524547786,
G3,W0056F0002T0006Z000C1N26.png,4,1.229754737970634,
G3,W0056F0001T0006Z000C1N56.png,1,2.6869367191608755,4.958988850777616
G3,W0056F0001T0006Z000C1N56.png,2,2.6213043181067324,16.330896295920965
G3,W0056F0001T0006Z000C1N56.png,3,0.2030664915735752,0.2030664915735752
G3,W0056F0003T0006Z000C1N23.png,1,7.393105130607992,8.888946397383414
G3,W0056F0003T0006Z000C1N23.png,2,2.8480648469651997,6.648798457380607
G3,W0056F0003T0006Z000C1N37.png,1,0.07892857142857145,0.07892857142857145
G3,W0056F0003T0006Z000C1N37.png,2,0.8165523942160723,3.4289040249764935
G3,W0056F0003T0006Z000C1N37.png,3,3.056555455083386,4.052086653811837
G3,W0056F0003T0006Z000C1N37.png,4,2.8443484303376168,4.77755224912968
G3,W0056F0003T0006Z000C1N37.png,5,0.11490485194281398,4.276251644255749
G3,W0056F0003T0006Z000C1N37.png,6,0.18168052317185793,0.6550584420492571
G3,W0056F0003T0006Z000C1N37.png,7,1.4625000000000001,2.1680204104205294
G3,W0056F0003T0006Z000C1N37.png,8,0.028726212985703495,0.028726212985703495
G3,W0056F0003T0006Z000C1N37.png,9,0.09053109547009629,0.09053109547009629
G3,W0056F0003T0006Z000C1N37.png,10,0.013711737597875582,0.013711737597875582
G3,W0056F0003T0006Z000C1N37.png,11,0.09317900566922599,0.09317900566922599
G3,W0056F0003T0006Z000C1N37.png,12,0.038047360050406806,0.038047360050406806
G3,W0056F0003T0006Z000C1N37.png,13,0.07660323462854238,0.07660323462854238
G3,W0056F0003T0006Z000C1N37.png,14,0.18168052317185793,0.18168052317185793
G3,W0056F0003T0006Z000C1N37.png,15,0.06589659407823152,0.06589659407823152
G3,W0056F0003T0006Z000C1N37.png,16,1.0576223783353433,1.8112898656782261
G3,W0056F0003T0006Z000C1N37.png,17,0.11274794760918233,0.11274794760918233
G3,W0056F0003T0006Z000C1N37.png,18,1.105894330739263,2.195555853549473
G3,W0056F0003T0006Z000C1N37.png,19,0.07371585838730989,0.07371585838730989
G3,W0056F0003T0006Z000C1N37.png,20,0.009316949906248057,0.009316949906248057
G3,W0056F0003T0006Z000C1N37.png,21,0.17342194588286516,0.17342194588286516
G3,W0056F0003T0006Z000C1N37.png,22,0.0,0.0
G3,W0056F0001T0006Z000C1N8.png,1,5.150123698772131,
G3,W0056F0001T0006Z000C1N8.png,2,5.146154135822249,
G3,W0056F0002T0006Z000C1N18.png,1,2.518231101915203,8.145647743940769
G3,W0056F0002T0006Z000C1N18.png,2,4.093481636406394,11.816882203137784
G3,W0056F0002T0006Z000C1N18.png,3,0.4191963629454504,0.4191963629454504
G3,W0056F0002T0006Z000C1N18.png,4,1.4224552387509424,2.2376963950120667
G3,W0056F0002T0006Z000C1N18.png,5,0.07267220926874421,0.5859020822628974
G3,W0056F0002T0006Z000C1N18.png,6,2.343608329051593,3.0660438679183963
G3,W0056F0003T0006Z000C1N22.png,1,10.08294167843021,
G3,W0056F0003T0006Z000C1N22.png,2,10.239982605811058,
G3,W0056F0003T0006Z000C1N22.png,3,3.4897797208419914,
G3,W0056F0003T0006Z000C1N22.png,4,6.077417928738779,
G3,W0056F0003T0006Z000C1N22.png,5,8.537001356115079,
G3,W0056F0003T0006Z000C1N22.png,6,7.826761065441452,
G3,W0056F0003T0006Z000C1N22.png,7,3.849002875249713,
G3,W0056F0003T0006Z000C1N13.png,1,0.028726212985703495,15.109032280239278
G3,W0056F0003T0006Z000C1N13.png,2,0.4011476879888771,9.656639134611762
G3,W0056F0003T0006Z000C1N13.png,3,1.0341436674853257,3.3950446425636294
G3,W0056F0003T0006Z000C1N13.png,4,2.052171666258484,5.88748458378149
G3,W0056F0003T0006Z000C1N13.png,5,5.06242851887121,8.50508305174111
G3,W0056F0003T0006Z000C1N13.png,6,0.07566931363181591,0.07566931363181591
G3,W0056F0003T0006Z000C1N13.png,7,1.3180555555555555,1.3180555555555555
G3,W0056F0003T0006Z000C1N13.png,8,6.184686704554051,8.48358007467883
G3,W0056F0003T0006Z000C1N13.png,9,6.532115971299039,6.7913530730260225
G3,W0056F0001T0006Z000C1N5.png,1,6.196337083153775,8.681095039419422
G3,W0056F0001T0006Z000C1N5.png,2,3.9679625202993036,6.26257796857652
G3,W0056F0001T0006Z000C1N5.png,3,4.060874674869935,6.665471898147947
G3,W0056F0001T0006Z000C1N5.png,4,1.587295002056556,5.998618664167542
G3,W0056F0001T0006Z000C1N5.png,5,0.29295104113144915,13.192808469484426
G3,W0056F0001T0006Z000C1N5.png,6,0.12187500000000001,17.379952363013686
G3,W0056F0002T0006Z000C1N28.png,1,0.8168770604718975,16.481838648560675
G3,W0056F0002T0006Z000C1N28.png,2,0.8840498654153037,14.684870721021424
G3,W0056F0002T0006Z000C1N28.png,3,5.0704166495466625,10.931794226017978
G3,W0056F0002T0006Z000C1N28.png,4,5.064503094105169,8.563406452869264
G3,W0056F0002T0006Z000C1N28.png,5,2.8344490756582665,4.46875
G3,W0056F0003T0006Z000C1N38.png,1,6.127822063920453,13.103833681534589
G3,W0056F0003T0006Z000C1N38.png,2,0.2623456689179377,17.38595572581502
G3,W0056F0003T0006Z000C1N38.png,3,1.5970364924900358,12.424507862452112
G3,W0056F0003T0006Z000C1N38.png,4,0.17806902086543963,0.17806902086543963
G3,W0056F0003T0006Z000C1N10.png,1,5.742284941211283,
G3,W0056F0003T0006Z000C1N10.png,2,7.046768984790122,
G3,W0056F0003T0006Z000C1N10.png,3,0.7267220926874317,
G3,W0056F0003T0006Z000C1N10.png,4,9.279762914013737,
G3,W0056F0003T0006Z000C1N10.png,5,7.244019623972592,
G3,W0056F0003T0006Z000C1N39.png,1,0.7910633666148372,
G3,W0056F0003T0006Z000C1N39.png,2,4.711254624713983,
G3,W0056F0003T0006Z000C1N39.png,3,2.1293875171271393,
G3,W0056F0003T0006Z000C1N39.png,4,5.921694300705872,
G3,W0056F0003T0006Z000C1N39.png,5,1.9350468340585463,
G3,W0056F0003T0006Z000C1N39.png,6,2.2484596050596886,
G3,W0056F0003T0006Z000C1N39.png,7,3.5741917054003847,
G3,W0056F0003T0006Z000C1N39.png,8,2.238728712908287,
G3,W0056F0003T0006Z000C1N39.png,9,6.888884596022779,
G3,W0056F0003T0006Z000C1N15.png,1,1.9148303321314561,17.201442342987157
G3,W0056F0003T0006Z000C1N15.png,2,0.8124999999999999,13.158687719525837
G3,W0056F0003T0006Z000C1N15.png,3,3.65625,11.56521758604221
G3,W0056F0003T0006Z000C1N15.png,4,5.108264551653392,6.412182053419912
G3,W0056F0003T0006Z000C1N15.png,5,1.8545657342084156,9.01142720730185
G3,W0056F0003T0006Z000C1N15.png,6,1.6025004875194266,7.320169589053249
G3,W0056F0003T0006Z000C1N15.png,7,1.3681853287886814,2.3641593944359354
G3,W0056F0003T0006Z000C1N15.png,8,0.028726212985703495,0.028726212985703495
G3,W0056F0003T0006Z000C1N15.png,9,1.839913381113361,6.727578501957447
G3,W0056F0003T0006Z000C1N15.png,10,2.2434418312049007,9.392443771457991
G3,W0056F0003T0006Z000C1N15.png,11,1.2283754515619403,9.425629952422279
G3,W0056F0003T0006Z000C1N15.png,12,6.557746955997075,10.23907615732765
G3,W0056F0001T0006Z000C1N3.png,1,7.239921160516449,
G3,W0056F0001T0006Z000C1N3.png,2,2.66278204198635,
G3,W0056F0001T0006Z000C1N3.png,3,4.558074308987295,
G3,W0056F0001T0006Z000C1N3.png,4,1.7811953983754496,
G3,W0056F0001T0006Z000C1N3.png,5,4.0827619710803615,
G3,W0056F0001T0006Z000C1N3.png,6,5.507384011928377,
G3,W0056F0001T0006Z000C1N48.png,1,0.0,0.0
G3,W0056F0001T0006Z000C1N48.png,2,0.0,0.0
G3,W0056F0001T0006Z000C1N48.png,3,0.0,0.0
G3,W0056F0001T0006Z000C1N48.png,4,0.0,0.0
G3,W0056F0001T0006Z000C1N48.png,5,0.0,0.0
G3,W0056F0001T0006Z000C1N48.png,6,0.0,0.0
G3,W0056F0001T0006Z000C1N48.png,7,0.07341001711105213,0.07341001711105213
G3,W0056F0001T0006Z000C1N48.png,8,0.0,0.0
G3,W0056F0001T0006Z000C1N48.png,9,0.0,0.22980970388562796
G3,W0056F0001T0006Z000C1N48.png,10,0.0,0.0
G3,W0056F0001T0006Z000C1N48.png,11,0.07379572130071065,0.07379572130071065
G3,W0056F0001T0006Z000C1N48.png,12,0.0,0.0
G3,W0056F0001T0006Z000C1N48.png,13,0.0,0.0
G3,W0056F0001T0006Z000C1N48.png,14,0.0,0.0
G3,W0056F0001T0006Z000C1N48.png,15,0.08370029746612852,0.08370029746612852
G3,W0056F0001T0006Z000C1N48.png,16,0.0,0.0
G3,W0056F0001T0006Z000C1N48.png,17,0.0,0.0
G3,W0056F0001T0006Z000C1N48.png,18,0.08125,0.08125
G3,W0056F0001T0006Z000C1N48.png,19,0.011210229457835112,0.011210229457835112
G3,W0056F0001T0006Z000C1N48.png,20,0.0,0.0
G3,W0056F0001T0006Z000C1N48.png,21,0.0,0.0
G3,W0056F0001T0006Z000C1N48.png,22,0.0,0.0
G3,W0056F0001T0006Z000C1N48.png,23,0.0,0.0
G3,W0056F0001T0006Z000C1N48.png,24,0.11490485194281398,0.11490485194281398
G3,W0056F0001T0006Z000C1N48.png,25,0.0,0.0
G3,W0056F0001T0006Z000C1N48.png,26,0.15418475849023616,0.15418475849023616
G3,W0056F0001T0006Z000C1N48.png,27,0.0541666666666659,0.0541666666666659
G3,W0056F0001T0006Z000C1N48.png,28,0.0,0.0
G3,W0056F0001T0006Z000C1N48.png,29,0.0671295282956683,0.0671295282956683
G3,W0056F0001T0006Z000C1N48.png,30,0.0,0.0
G3,W0056F0001T0006Z000C1N48.png,31,0.0,0.0
G3,W0056F0001T0006Z000C1N48.png,32,0.0724725599649534,0.0724725599649534
G3,W0056F0001T0006Z000C1N48.png,33,0.045961940777125836,0.045961940777125836
G3,W0056F0001T0006Z000C1N48.png,34,0.09765034704381595,0.09765034704381595
G3,W0056F0001T0006Z000C1N48.png,35,0.0,0.0
G3,W0056F0001T0006Z000C1N48.png,36,0.0,0.0
G3,W0056F0001T0006Z000C1N48.png,37,0.08125,0.08125
G3,W0056F0001T0006Z000C1N48.png,38,0.06261725833297824,0.06261725833297824
G3,W0056F0001T0006Z000C1N48.png,39,0.08125,0.08125
G3,W0056F0001T0006Z000C1N48.png,40,0.0,0.0
G3,W0056F0001T0006Z000C1N48.png,41,0.08125,0.08125
G3,W0056F0001T0006Z000C1N48.png,42,0.04986998331117635,0.04986998331117635
G3,W0056F0001T0006Z000C1N48.png,43,0.08125,0.08125
G3,W0056F0001T0006Z000C1N48.png,44,0.08125,0.08125
G3,W0056F0001T0006Z000C1N48.png,45,0.05634248703266107,0.05634248703266107
G3,W0056F0001T0006Z000C1N48.png,46,0.08074689918749264,0.08074689918749264
G3,W0056F0001T0006Z000C1N48.png,47,0.0,0.0
G3,W0056F0001T0006Z000C1N48.png,48,0.09084026158592896,0.09084026158592896
G3,W0056F0001T0006Z000C1N48.png,49,0.0,0.0
G3,W0056F0001T0006Z000C1N48.png,50,0.0,0.0
G3,W0056F0001T0006Z000C1N48.png,51,0.0,0.0
G3,W0056F0001T0006Z000C1N48.png,52,0.0,0.0
G3,W0056F0001T0006Z000C1N48.png,53,0.0,0.0
G3,W0056F0001T0006Z000C1N48.png,54,0.0,0.0
G3,W0056F0001T0006Z000C1N48.png,55,0.0,0.0
G3,W0056F0001T0006Z000C1N48.png,56,0.08125,0.08125
G3,W0056F0001T0006Z000C1N48.png,57,0.06599428147426825,0.06599428147426825
G3,W0056F0001T0006Z000C1N48.png,58,0.05038911092686594,0.05038911092686594
G3,W0056F0001T0006Z000C1N48.png,59,0.0766032346285432,0.0766032346285432
G3,W0056F0001T0006Z000C1N48.png,60,0.05356158211454626,0.05356158211454626
G3,W0056F0001T0006Z000C1N48.png,61,0.040625,0.040625
G3,W0056F0001T0006Z000C1N48.png,62,0.09751500346242722,0.09751500346242722
G3,W0056F0001T0006Z000C1N48.png,63,0.05190872090624364,0.05190872090624364
G3,W0056F0003T0006Z000C1N70.png,1,0.024621212121212474,0.024621212121212474
G3,W0056F0003T0006Z000C1N70.png,2,10.349597809914906,16.29064186671153
G3,W0056F0003T0006Z000C1N70.png,3,2.2014473671648327,8.051201950476308
G3,W0056F0003T0006Z000C1N70.png,4,5.6898209550037695,9.913831877735268
G3,W0056F0003T0006Z000C1N70.png,5,6.269426060254639,7.069216938600768
G3,W0056F0003T0006Z000C1N70.png,6,3.3351934110577814,6.563831173369451
G3,W0056F0003T0006Z000C1N70.png,7,7.7133000496707,8.371297549140754
G3,W0056F0003T0006Z000C1N70.png,8,0.16533177167913765,0.16533177167913765
G3,W0056F0002T0006Z000C1N76.png,1,0.07284482758620729,0.07284482758620729
G3,W0056F0002T0006Z000C1N76.png,2,2.1050258044763908,2.453142720204696
G3,W0056F0002T0006Z000C1N76.png,3,5.037519774066238,5.8206028875116
G3,W0056F0002T0006Z000C1N76.png,4,5.445751140805297,8.282494478001341
G3,W0056F0002T0006Z000C1N76.png,5,7.388951613528561,10.37738617829629
G3,W0056F0002T0006Z000C1N76.png,6,0.0,0.0
G3,W0056F0002T0006Z000C1N88.png,1,4.584784989201247,
G3,W0056F0002T0006Z000C1N88.png,2,3.2508755995245626,
G3,W0056F0002T0006Z000C1N88.png,3,4.629489685148673,
G3,W0056F0003T0006Z000C1N65.png,1,1.2892467762224578,
G3,W0056F0003T0006Z000C1N65.png,2,4.667590110940699,
G3,W0056F0003T0006Z000C1N65.png,3,4.023310981020483,
G3,W0056F0002T0006Z000C1N49.png,1,1.4161086526750193,4.277021051980489
G3,W0056F0002T0006Z000C1N49.png,2,1.0593703908454306,2.368824207280903
G3,W0056F0002T0006Z000C1N49.png,3,0.08750892811593587,0.08750892811593587
G3,W0056F0002T0006Z000C1N49.png,4,1.7360384988861808,4.291029304513736
G3,W0056F0002T0006Z000C1N49.png,5,0.9475296829123614,5.171994900422853
G3,W0056F0002T0006Z000C1N49.png,6,1.300190570569305,4.586044874585849
G3,W0056F0002T0006Z000C1N75.png,1,3.2752922102462856,
G3,W0056F0002T0006Z000C1N75.png,2,8.730502461216576,
G3,W0056F0002T0006Z000C1N75.png,3,4.088098362968856,
G3,W0056F0002T0006Z000C1N75.png,4,8.633079187057188,
G3,W0056F0003T0006Z000C1N67.png,1,0.043387519019190586,0.043387519019190586
G3,W0056F0003T0006Z000C1N67.png,2,0.055239378063922324,0.055239378063922324
G3,W0056F0003T0006Z000C1N67.png,3,1.4977262741726005,1.8226540870166144
G3,W0056F0003T0006Z000C1N67.png,4,0.7886785713387228,1.4124938544605738
G3,W0056F0003T0006Z000C1N67.png,5,0.021411254990723282,0.021411254990723282
G3,W0056F0003T0006Z000C1N67.png,6,0.3302497213093936,0.3302497213093936
G3,W0056F0003T0006Z000C1N67.png,7,2.708474143672466,9.03155320949651
G3,W0056F0002T0006Z000C1N61.png,1,1.9040257515327885,3.288327129788033
G3,W0056F0002T0006Z000C1N61.png,2,0.08750892811593587,0.08750892811593587
G3,W0056F0002T0006Z000C1N61.png,3,0.07267220926874421,0.07267220926874421
G3,W0056F0002T0006Z000C1N61.png,4,1.6750116604071748,3.3706511333123754
G3,W0056F0002T0006Z000C1N61.png,5,0.14422987535335532,0.14422987535335532
G3,W0056F0002T0006Z000C1N61.png,6,0.08651453484374182,0.08651453484374182
G3,W0056F0002T0006Z000C1N61.png,7,0.14210212773172115,0.14210212773172115
G3,W0056F0002T0006Z000C1N61.png,8,0.06987712429686882,0.06987712429686882
G3,W0056F0002T0006Z000C1N61.png,9,3.7695918254983782,4.132356188635375
G3,W0056F0002T0006Z000C1N61.png,10,1.9768978223469214,2.3266459227824074
G3,W0056F0002T0006Z000C1N61.png,11,1.9500000000000002,2.4157361714392573
G3,W0056F0002T0006Z000C1N61.png,12,0.8966314939260747,1.5878306271187208
G3,W0056F0002T0006Z000C1N61.png,13,0.658074843767789,2.8304869280743916
G3,W0056F0002T0006Z000C1N61.png,14,0.08617207121416344,0.08617207121416344
G3,W0056F0001T0006Z000C1N10.png,1,0.22932688002332927,0.22932688002332927
G3,W0056F0001T0006Z000C1N10.png,2,4.708568988383952,10.666150493221384
G3,W0056F0001T0006Z000C1N10.png,3,1.224529122226399,14.167308234553495
G3,W0056F0001T0006Z000C1N10.png,4,0.4050956783903268,15.445630257544307
G3,W0056F0001T0006Z000C1N38.png,1,2.2807961877379572,13.503153566852449
G3,W0056F0001T0006Z000C1N38.png,2,0.3282995769794683,18.926648571470842
G3,W0056F0001T0006Z000C1N38.png,3,1.3025365877778636,20.972102936103
G3,W0056F0001T0006Z000C1N38.png,4,0.11490485194281398,14.500336741779481
G3,W0056F0001T0006Z000C1N38.png,5,0.30418907234734255,17.865230237707014
G3,W0056F0001T0006Z000C1N38.png,6,2.5556248313208356,2.7538257463802265
G3,W0056F0001T0006Z000C1N38.png,7,1.1426328592807202,11.567540920317219
G3,W0056F0001T0006Z000C1N38.png,8,0.060777866857294395,0.060777866857294395
G3,W0056F0001T0006Z000C1N38.png,9,0.9306583691129634,0.9306583691129634
G3,W0056F0001T0006Z000C1N38.png,10,0.08125,0.08125
G3,W0056F0001T0006Z000C1N38.png,11,2.7768012172281975,2.7768012172281975
G3,W0056F0001T0006Z000C1N38.png,12,0.42849265691637006,11.759323615520207
G3,W0056F0001T0006Z000C1N38.png,13,6.921357658745702,21.162567290862366
G3,W0056F0001T0006Z000C1N39.png,1,2.826449888062154,
G3,W0056F0001T0006Z000C1N39.png,2,2.9551581129706497,
G3,W0056F0001T0006Z000C1N39.png,3,4.055571014049687,
G3,W0056F0001T0006Z000C1N39.png,4,2.5426157322056766,
G3,W0056F0001T0006Z000C1N39.png,5,3.65625,
G3,W0056F0003T0006Z000C1N66.png,1,0.072672209268744,3.247561585251311
G3,W0056F0003T0006Z000C1N66.png,2,0.2762499999999998,4.2383850476921054
G3,W0056F0003T0006Z000C1N66.png,3,0.8523183090841115,7.197320004696194
G3,W0056F0003T0006Z000C1N66.png,4,0.11220238095238078,0.11220238095238078
G3,W0056F0003T0006Z000C1N66.png,5,0.02878053790006783,0.02878053790006783
G3,W0056F0003T0006Z000C1N66.png,6,0.2591558017886038,0.2591558017886038
G3,W0056F0003T0006Z000C1N66.png,7,0.922425094821013,1.4218105144107251
G3,W0056F0003T0006Z000C1N66.png,8,0.0165164111974421,0.0165164111974421
G3,W0056F0003T0006Z000C1N66.png,9,0.24388125505778355,0.24388125505778355
G3,W0056F0003T0006Z000C1N66.png,10,3.619958779116138,8.690712086043353
G3,W0056F0002T0006Z000C1N74.png,1,2.6764533954055274,
G3,W0056F0002T0006Z000C1N74.png,2,0.7665109669795991,
G3,W0056F0002T0006Z000C1N74.png,3,0.7267220926874317,
G3,W0056F0002T0006Z000C1N74.png,4,1.0928427040435638,
G3,W0056F0002T0006Z000C1N74.png,5,0.0,
G3,W0056F0002T0006Z000C1N74.png,6,0.8321601009862633,
G3,W0056F0002T0006Z000C1N74.png,7,3.810282429120266,
G3,W0056F0002T0006Z000C1N74.png,8,8.326430590202312,
G3,W0056F0002T0006Z000C1N48.png,1,6.7241431842651895,
G3,W0056F0002T0006Z000C1N48.png,2,8.1646552942779,
G3,W0056F0002T0006Z000C1N48.png,3,5.738829035919471,
G3,W0056F0002T0006Z000C1N58.png,1,7.774992463822715,
G3,W0056F0002T0006Z000C1N58.png,2,2.5622059395878978,
G3,W0056F0002T0006Z000C1N58.png,3,1.8066674354241905,
G3,W0056F0002T0006Z000C1N58.png,4,0.8368164156163509,
G3,W0056F0002T0006Z000C1N58.png,5,2.2267178137838264,
G3,W0056F0001T0006Z000C1N15.png,1,3.449368246242483,
G3,W0056F0001T0006Z000C1N15.png,2,2.9509805375184195,
G3,W0056F0001T0006Z000C1N15.png,3,1.5690805871238385,
G3,W0056F0001T0006Z000C1N15.png,4,1.4272460369536857,
G3,W0056F0001T0006Z000C1N15.png,5,0.08750892811593587,
G3,W0056F0001T0006Z000C1N15.png,6,4.110960958218894,
G3,W0056F0001T0006Z000C1N28.png,1,1.158329253428909,
G3,W0056F0001T0006Z000C1N28.png,2,6.672223679084251,
G3,W0056F0001T0006Z000C1N28.png,3,0.767409965765076,
G3,W0056F0001T0006Z000C1N28.png,4,2.799543453952424,
G3,W0056F0001T0006Z000C1N28.png,5,2.0845371521968357,
G3,W0056F0001T0006Z000C1N28.png,6,1.5775896369144926,
G3,W0056F0001T0006Z000C1N28.png,7,0.6989389279472125,
G3,W0056F0001T0006Z000C1N28.png,8,1.4747664598542756,
G3,W0056F0002T0006Z000C1N71.png,1,3.3128928488222766,4.460413689085104
G3,W0056F0002T0006Z000C1N71.png,2,0.1625,10.863219193682875
G3,W0056F0002T0006Z000C1N71.png,3,8.051395371609921,10.018292247244226
G3,W0056F0002T0006Z000C1N71.png,4,5.6419072719973276,11.589544694993194
G3,W0056F0002T0006Z000C1N71.png,5,1.6730398979103878,5.379707241105226
G3,W0056F0002T0006Z000C1N71.png,6,0.12832154011775834,0.12832154011775834
G3,W0056F0002T0006Z000C1N71.png,7,4.780492568595187,14.980882107225494
G3,W0056F0002T0006Z000C1N73.png,1,7.270490440816218,
G3,W0056F0002T0006Z000C1N73.png,2,4.718977348057655,
G3,W0056F0002T0006Z000C1N73.png,3,5.743794761294266,
G3,W0056F0002T0006Z000C1N73.png,4,3.2872608937645147,
G3,W0056F0003T0006Z000C1N49.png,1,10.655180828589332,
G3,W0056F0003T0006Z000C1N49.png,2,9.371052502253951,
G3,W0056F0003T0006Z000C1N49.png,3,6.768001670112692,
G3,W0056F0003T0006Z000C1N49.png,4,4.316509006129838,
G3,W0056F0003T0006Z000C1N49.png,5,6.228754515350561,
G3,W0056F0001T0006Z000C1N17.png,1,2.1420884924340275,7.0433244816744836
G3,W0056F0001T0006Z000C1N17.png,2,0.1015625,0.1015625
G3,W0056F0001T0006Z000C1N17.png,3,1.9261563085585758,1.9261563085585758
G3,W0056F0001T0006Z000C1N17.png,4,3.1864091270582318,14.363106492851747
G3,W0056F0001T0006Z000C1N17.png,5,0.7593880760191059,11.90418525141473
G3,W0056F0001T0006Z000C1N17.png,6,1.444617231418932,15.575039031100774
